collection_name,asset_url,asset_img_url,event_contract_address,event_quantity,event_total_price
HelpVetNFT V2,https://testnets.opensea.io/assets/rinkeby/0xe280b6b2142986f5990540dfb65196d7d037d4cf/1,https://lh3.googleusercontent.com/o9r3cMZDtNpZwRB2bpqPBusGVe14P5pHiNVa7l_rkfx_bRtPuWJlpCW0-o2NzsQIznY3UOMbadK258Ba48R9rSbypY8Wjg1K67Hv7w,0xdd54d660178b28f6033a953b0e55073cfa7e3744,1,0.1
Azuki God,https://testnets.opensea.io/assets/rinkeby/0xb74bf94049d2c01f8805b8b15db0909168cabf46/683,https://lh3.googleusercontent.com/tbPrO0VYPfz4y1ilOe62EgcYN8fTh8kH-0zAISwkGV93GkOPA_Vwo9jLmxd_SWuNbFMc1F8GUAmdTzRUdAPTau5gbgajVGvDbJbiZg,0xdd54d660178b28f6033a953b0e55073cfa7e3744,1,7.0
Azuki God,https://testnets.opensea.io/assets/rinkeby/0xb74bf94049d2c01f8805b8b15db0909168cabf46/345,https://lh3.googleusercontent.com/D6BwTLpbNCZRxY26wHAykOJeTyPVScQlwtlPkpKoITewomYewdKT3oSftfNU-iMMA617p0G3faM1I2lprP8f0C72Y7fZ2Lwa-QZU-A,0xdd54d660178b28f6033a953b0e55073cfa7e3744,1,1.0
Test NFT - KniBuIoY7Y,https://testnets.opensea.io/assets/rinkeby/0x7a8b6ff6a2b2331582f95481f0e7f2667087e3e5/354,,0xdd54d660178b28f6033a953b0e55073cfa7e3744,1,0.002
Ikuza - cDU4uH4USJ,https://testnets.opensea.io/assets/rinkeby/0xc2f14fd900c29248f98d227ac124be791bec0563/4,https://lh3.googleusercontent.com/ZhqSj1-TbmXiS5CSVy25LTtzzY68i1TjGpKTPTXJ4Dds4SjEJJ4D-QpyMY8GdX87LI-MTpjWgRW4gXAHyqVv8PVf43dLcHUBu5anrg,0xdd54d660178b28f6033a953b0e55073cfa7e3744,1,0.01
Test Collection 002,https://testnets.opensea.io/assets/mumbai/0xc01d2f3df268659cdaafefebdc8ad11bf93c5c47/92259444253729866311442988922673292619111606753961169234610885299732403961519,,,1,0.16016794509879387
My NfStreets,https://testnets.opensea.io/assets/rinkeby/0x41613e0e7bb5602f9133d6022f82e78f43b43584/99,https://lh3.googleusercontent.com/saA5mKunjInWX3W0CXorRhwhufw4f5un14rdx0etDvVkEbuhm87_oNub-V5OmZrSXk6cKe9vkj5s1dcaHXurC1lcvrElNNzTm3HGjA,0xdd54d660178b28f6033a953b0e55073cfa7e3744,1,0.005
Mes yeux pourpre,https://testnets.opensea.io/assets/rinkeby/0xd8d555e2ec642bb8769a9ab479f456b411627f78/5,https://lh3.googleusercontent.com/_3x15kyx9IUkrjn0uO7PrVptdI9IEj3YCM5HgPP0EvfhrMmzlMuBqHUsW0PPW3ernW06J8NZt3ONE0xdYxmwm22yeaWvESkvVWEUgw,0xdd54d660178b28f6033a953b0e55073cfa7e3744,1,0.001
Azuki God,https://testnets.opensea.io/assets/rinkeby/0xb74bf94049d2c01f8805b8b15db0909168cabf46/396,https://lh3.googleusercontent.com/J-JmAUacEOaFv-D6cBRd3jZa_1ncBehLe5rYvZgp2-FhCAWPtYnhzMd3z-pyTdPX_V3JRenDNR4OUXiATki8eGk5-snj7BQJ7DzFsQ,0xdd54d660178b28f6033a953b0e55073cfa7e3744,1,1.0
Blue Peels NFT,https://testnets.opensea.io/assets/rinkeby/0x7b6ec73f1deca0aabc853653104673b96f1ecae2/1,,0xdd54d660178b28f6033a953b0e55073cfa7e3744,1,0.003
Tennis Champs Genesis Sale Test,https://testnets.opensea.io/assets/rinkeby/0xa1704ba88defa0926cff7a9d447943e115e7b15f/0,https://lh3.googleusercontent.com/kCdgK6cqL-9M1cUs1O9RTZBUkJe5kAFjgZV08NLFvuExuRaB9dO8Ls84riHnIz9H9lS6iWE1W1P5TQTnbKrzRGgaES_NU55Tyda4,0xdd54d660178b28f6033a953b0e55073cfa7e3744,1,0.079
Nieux Society Founder - 5IE3lISf7K,https://testnets.opensea.io/assets/rinkeby/0xe89c536e583baad747ab97ef88b402baeb1db7d1/2,https://lh3.googleusercontent.com/bFFCLn_4da9BGOi-SfrWo7CopUM2daklObWeJNTlTG2Wn5KVXgYcjTr6bWOBvgO_Bao5IfR1GFujNfPFgLwydQ6zjUNmC_pyqu4K438,0xdd54d660178b28f6033a953b0e55073cfa7e3744,1,0.2
s - hwwX8hCQu9,https://testnets.opensea.io/assets/rinkeby/0x5dc10ee61522f98475d27bb720dcf66cd401ea34/0,,0xdd54d660178b28f6033a953b0e55073cfa7e3744,1,0.001
Cool Pets - tL0JxT9krc,https://testnets.opensea.io/assets/rinkeby/0x08805583a4adcba27a6a11d4e3af1512ec1b1316/514,https://lh3.googleusercontent.com/oJu2SkUKduNIi7NJANe_VcLmmacFz0cjia6YPgXAo7xbGEWyqeJe8n9Z0JijqwxKP2FM-WBN3h1kry8rIWrlpk8NPFRlSCJBHQRy,0xdd54d660178b28f6033a953b0e55073cfa7e3744,1,1.0
Nieux Society Founder - 5IE3lISf7K,https://testnets.opensea.io/assets/rinkeby/0xe89c536e583baad747ab97ef88b402baeb1db7d1/1,https://lh3.googleusercontent.com/bFFCLn_4da9BGOi-SfrWo7CopUM2daklObWeJNTlTG2Wn5KVXgYcjTr6bWOBvgO_Bao5IfR1GFujNfPFgLwydQ6zjUNmC_pyqu4K438,0xdd54d660178b28f6033a953b0e55073cfa7e3744,1,0.1
Orange Peels NFT,https://testnets.opensea.io/assets/rinkeby/0xc5e4035bc99ecb26c5aff95db64e4b8a0a33416f/2,,0xdd54d660178b28f6033a953b0e55073cfa7e3744,1,0.006
Orange Peels NFT,https://testnets.opensea.io/assets/rinkeby/0xc5e4035bc99ecb26c5aff95db64e4b8a0a33416f/1,,0xdd54d660178b28f6033a953b0e55073cfa7e3744,1,0.006
Tootles V1,https://testnets.opensea.io/assets/rinkeby/0xd838536224ea1ce602ef6d3da841c8cbda632c1f/548,https://lh3.googleusercontent.com/rg6IuoZFZAbjVQcJVgE0GFd7Tkz8RjUTcw0dkB35U-c4uxlRVbKAin2D37O2pPiaToD_-gqBM8nUpEuvGMiN5m-e3NQMw8wz6JXW,0xdd54d660178b28f6033a953b0e55073cfa7e3744,1,0.0001
Tootles V1,https://testnets.opensea.io/assets/rinkeby/0xd838536224ea1ce602ef6d3da841c8cbda632c1f/547,https://lh3.googleusercontent.com/rg6IuoZFZAbjVQcJVgE0GFd7Tkz8RjUTcw0dkB35U-c4uxlRVbKAin2D37O2pPiaToD_-gqBM8nUpEuvGMiN5m-e3NQMw8wz6JXW,0xdd54d660178b28f6033a953b0e55073cfa7e3744,1,0.0001
Tootles V1,https://testnets.opensea.io/assets/rinkeby/0xd838536224ea1ce602ef6d3da841c8cbda632c1f/550,https://lh3.googleusercontent.com/rg6IuoZFZAbjVQcJVgE0GFd7Tkz8RjUTcw0dkB35U-c4uxlRVbKAin2D37O2pPiaToD_-gqBM8nUpEuvGMiN5m-e3NQMw8wz6JXW,0xdd54d660178b28f6033a953b0e55073cfa7e3744,1,0.0001
JPEGbot_Test,https://testnets.opensea.io/assets/rinkeby/0x9c0a1b6d07b5c415029439309a6d81454805d7fb/6,,0xdd54d660178b28f6033a953b0e55073cfa7e3744,1,0.03
SINCE 3000 GENESIS V3,https://testnets.opensea.io/assets/rinkeby/0xace0e24f046054e10ae9564ee08d7b9741610c6b/2,,0xdd54d660178b28f6033a953b0e55073cfa7e3744,1,0.006
SINCE 3000 GENESIS V3,https://testnets.opensea.io/assets/rinkeby/0xace0e24f046054e10ae9564ee08d7b9741610c6b/1,,0xdd54d660178b28f6033a953b0e55073cfa7e3744,1,0.003
JPEGbot_Test,https://testnets.opensea.io/assets/rinkeby/0x9c0a1b6d07b5c415029439309a6d81454805d7fb/233,,0xdd54d660178b28f6033a953b0e55073cfa7e3744,1,0.03
JPEGbot_Test,https://testnets.opensea.io/assets/rinkeby/0x9c0a1b6d07b5c415029439309a6d81454805d7fb/235,,0xdd54d660178b28f6033a953b0e55073cfa7e3744,1,0.03
RuneApes - cL5UnqwUNd,https://testnets.opensea.io/assets/rinkeby/0x33304d81aed13a97302786b3b44ba43e311a5010/1,https://lh3.googleusercontent.com/ifN-NQijFShPQeYJGHFfqAhti_0knN3a1dG2m8E6psl6LfiQ4Ev-4iPGu-ldQ_dC8ToXeOnCe2K0OKnokOQ1AS2FJ-rY_BxbHve4eA,0xdd54d660178b28f6033a953b0e55073cfa7e3744,1,0.01
Unidentified contract - 9FCI8Sck9W,https://testnets.opensea.io/assets/rinkeby/0x0d3541740956371b75a6da621d04b27010e614b7/1,https://lh3.googleusercontent.com/Bs-G-Z74yrOPV3wm_xMqsYkdXqhZE5Tzn7fBV11WEStLGEQGBYSinR7wGthsu6zM1xdrVecJN10e7ol73Z-1MoBzjJHhgC4P0Bdjmx8,0xdd54d660178b28f6033a953b0e55073cfa7e3744,1,0.03
NK Test 03.25,https://testnets.opensea.io/assets/rinkeby/0x408ee8d319255dde8f590dd28d1d1e1abcfdf637/9,https://lh3.googleusercontent.com/-pUxy598dFDDm9Rsv7GsGukCqis8sL6lRI8K_XXu3rdNgSMPnCsL1V0YkuwtrIHEiXt3qR3ujEFTMapX26hFfqTH8AzzaFzJq6AzFg,0xdd54d660178b28f6033a953b0e55073cfa7e3744,1,0.01
Test Collection 002,https://testnets.opensea.io/assets/mumbai/0xc01d2f3df268659cdaafefebdc8ad11bf93c5c47/78267088746503400175191532961976906234778364178785129895962974142713900767298,,,1,0.15980414404106327
Test Collection 002,https://testnets.opensea.io/assets/mumbai/0xc01d2f3df268659cdaafefebdc8ad11bf93c5c47/5592751048766847476312534342812224722088444693899702015509717775570715389722,https://lh3.googleusercontent.com/H3b9ycMZR5jmn92m8k4rtRHEItH0_5ztbYaT1qw7vaXUzdcmErCvMzVDyTHCNCVDTn_AHdidYYkTaQAjUtZo3TdrF9yOjOdHNeUVsEc,,1,0.1600607661494552
JPEGbot_Test,https://testnets.opensea.io/assets/rinkeby/0x9c0a1b6d07b5c415029439309a6d81454805d7fb/1,,0xdd54d660178b28f6033a953b0e55073cfa7e3744,1,0.033
Character - X3CbN8Rne6,https://testnets.opensea.io/assets/rinkeby/0x601edb43f697166d25c624feec67a9f9fd69ecbc/3,https://lh3.googleusercontent.com/a7hMk5_gL6snaawSz4l_vYRemk4t8b9jh_EbcLdMckW7Dc35y-mGmRoNvuiZahfSTYtiksBr5sm-h5yrV7kapl6qEb7V3EkumQKf,0xdd54d660178b28f6033a953b0e55073cfa7e3744,1,0.01
Fake Mutant Ape Yacht Club,https://testnets.opensea.io/assets/rinkeby/0x3fbe256f336a938291fa090b4dc498e4c0cb7a99/67,https://lh3.googleusercontent.com/4-eC8DmmC4Sd9nf4iMc0mbP_BcktGS25YxCionDi35gEpgfSdxaegp4q0RhnkVI7TFUHtcIbT_l5gfSQ_Zf-onaZi3EWK5Ktaq0F,0xdd54d660178b28f6033a953b0e55073cfa7e3744,1,5.0
TH5,https://testnets.opensea.io/assets/rinkeby/0x26cc903e09edb5917af96b6e0cf97c9da27b51f3/2,https://lh3.googleusercontent.com/APlq-4QcU8N7b2udhmZe6QDJWutwa2LeKfd2EOwgJrTKMXECeDcfkdkVMQI0-XerhHqWS-mE_nGvvVUvGkMp5kE8uQ_BvifcyQGSiIU,0xdd54d660178b28f6033a953b0e55073cfa7e3744,1,0.1
JPEGbot_Test,https://testnets.opensea.io/assets/rinkeby/0x9c0a1b6d07b5c415029439309a6d81454805d7fb/234,,0xdd54d660178b28f6033a953b0e55073cfa7e3744,1,0.035
Curious Addys NFTs,https://testnets.opensea.io/assets/rinkeby/0x52ff80b0c767ef546a21c61de38d79024a0406f3/1,https://lh3.googleusercontent.com/sQf1GcBruwgBxszvlQeK1Dto60LVMqdo51_OhHfpzdDRovLNz_QFVklIDVpjX4M0nGGo3BpLhBA3gEm0oijV7-OPkK9CkjUAISji3Q,0xdd54d660178b28f6033a953b0e55073cfa7e3744,1,0.01
TH5,https://testnets.opensea.io/assets/rinkeby/0x26cc903e09edb5917af96b6e0cf97c9da27b51f3/1,https://lh3.googleusercontent.com/YY7-_df2ZVr-BQsvKL0-VMctHFdz6zOAOGwnKcFqZsjuud3cPuNsOpfu9F5lQF-Jjz4t9x5BWjT7wBbCBhMtS2SJ0Q7vSzISh5VH,0xdd54d660178b28f6033a953b0e55073cfa7e3744,1,0.01
Azuki God,https://testnets.opensea.io/assets/rinkeby/0xb74bf94049d2c01f8805b8b15db0909168cabf46/718,https://lh3.googleusercontent.com/LLI7Kr_rl3LhR70OkGlsl03Gb5clQJOrLFQtPgYqaCP4Q7qbWxb-znBxVyw2xi88jDGt5dpFQK7QTL4_pPMdq1-B9OBRPkr3DEWZ,0xdd54d660178b28f6033a953b0e55073cfa7e3744,1,1.0
NFTTutorial - E47SoC3dn7,https://testnets.opensea.io/assets/rinkeby/0xfa486a0e0e0970ac23a6eb2ca1ef306ff3ce51b2/4,https://lh3.googleusercontent.com/V3eKZq_dikuRZE_CTaCiF8xfy_tHwUHYcE2gUkuCZe8k7bB6c4c03vR3Ty8X9dC8i9jgugTBOjmpsEAtKyFS7V9xW0Hp7bO0-7_GZQ,0xdd54d660178b28f6033a953b0e55073cfa7e3744,1,0.42
Tennis Champs Genesis Sale Test,https://testnets.opensea.io/assets/rinkeby/0xa1704ba88defa0926cff7a9d447943e115e7b15f/1,https://lh3.googleusercontent.com/aer5UJjv_lu1S4nOYTry9i6dyTwZxlUrxHeHHylMXU4TChr82puA7085VT9sVKar5hDb0gFdGAP8TAz6BtUY-G3qSQVq_jzzoZKqiQ,0xdd54d660178b28f6033a953b0e55073cfa7e3744,1,0.237
Tennis Champs Genesis Sale Test,https://testnets.opensea.io/assets/rinkeby/0xa1704ba88defa0926cff7a9d447943e115e7b15f/0,https://lh3.googleusercontent.com/kCdgK6cqL-9M1cUs1O9RTZBUkJe5kAFjgZV08NLFvuExuRaB9dO8Ls84riHnIz9H9lS6iWE1W1P5TQTnbKrzRGgaES_NU55Tyda4,0xdd54d660178b28f6033a953b0e55073cfa7e3744,1,0.079
Gadjah Society Testnet V2,https://testnets.opensea.io/assets/rinkeby/0xcc730e87273e90fc935ef33d6203b4c1f0d61f96/3,https://lh3.googleusercontent.com/snf9bCp64w-oPEV8KPLYST4pIEiXRtWljy6DirK8izlgL22fHMxBzoCykfxurzQEQpRw92TzW9L6dgM3YqQCJ0oWRkMz8khSX75sFw,0xdd54d660178b28f6033a953b0e55073cfa7e3744,1,0.65
Bored Ape learn,https://testnets.opensea.io/assets/rinkeby/0x88b48f654c30e99bc2e4a1559b4dcf1ad93fa656/107800652977069029286147333276862629621490961101704897297932511141167105,https://lh3.googleusercontent.com/E37-cEFdle_Xg6QcFTZfQf0TNpbFEqxo1VNH5APJ1_sIAN_NFRGM8_70Ouw-pzz1pbJSY52aaBw6gZGpQL2GEXzdprfw1qtngY_r,0xdd54d660178b28f6033a953b0e55073cfa7e3744,1,0.001
roy-testnet Collection,https://testnets.opensea.io/assets/rinkeby/0x88b48f654c30e99bc2e4a1559b4dcf1ad93fa656/1515517887541631900547673643712558333415014488609020388093108469967240560641,https://lh3.googleusercontent.com/pPGRN4dbVIaZpgOgMlYlk1Z98xMMDb-tsmCfAthNSKPdjcmSkjITSlEa_NB-eUuWCk87SvG49t78wjnSnDKRKbzP0D1KnUHHyFxKzQ,0xdd54d660178b28f6033a953b0e55073cfa7e3744,1,0.001
Bored Ape learn,https://testnets.opensea.io/assets/rinkeby/0x88b48f654c30e99bc2e4a1559b4dcf1ad93fa656/107800652977069029286147333276862629621490961101704897297933610652794881,https://lh3.googleusercontent.com/jY3UkYH6v9OvQmTs7Fgv06DXB7IxEE1OO898p9XbB5cUlTAIML2QeUCFMOZajf-kWbtyXMM4rFKYAJoKHfShPSJPl9T7qenORAq9,0xdd54d660178b28f6033a953b0e55073cfa7e3744,1,0.1
Test Collection 002,https://testnets.opensea.io/assets/mumbai/0xc01d2f3df268659cdaafefebdc8ad11bf93c5c47/21576103795804179274313228479446603628697351183902092970277555399359858099534,,,1,0.16154236715175152
Bored Ape learn,https://testnets.opensea.io/assets/rinkeby/0x88b48f654c30e99bc2e4a1559b4dcf1ad93fa656/107800652977069029286147333276862629621490961101704897297933610652794881,https://lh3.googleusercontent.com/jY3UkYH6v9OvQmTs7Fgv06DXB7IxEE1OO898p9XbB5cUlTAIML2QeUCFMOZajf-kWbtyXMM4rFKYAJoKHfShPSJPl9T7qenORAq9,0xdd54d660178b28f6033a953b0e55073cfa7e3744,1,0.001
DanLand,https://testnets.opensea.io/assets/rinkeby/0xb5a8b5a58761dbd41f6575cd05a30e1d5000be18/0,https://lh3.googleusercontent.com/zzuXZUY7JxEk_TPfbEQQ6b2XnVTo187ip7yuS1v3PGHh_4nzUUpSwQDSgpo-81wr6y5t6R-IETRS_zYi4gkH038XtmlvILxbynKLfg,0xdd54d660178b28f6033a953b0e55073cfa7e3744,1,0.01
CAR ALPHA4,https://testnets.opensea.io/assets/rinkeby/0x1690ee39f75216f0137e58f66112391f1ad3dbde/3,https://lh3.googleusercontent.com/uYudkSyVxys9iZC14M0oiKkMCRaOaivmWc5s-n2rg9GoDTO3P4CM8k4ISDHa630DhWCXb8kk7SqvjIqmm9us5DRX6-Hu3OA8XkuMUnY,0xdd54d660178b28f6033a953b0e55073cfa7e3744,1,5.0
Seed Card - prettyboyshav,https://testnets.opensea.io/assets/rinkeby/0x45204f7f81561f2a00f0be2e8e4d863323128b21/200,https://lh3.googleusercontent.com/1UcT7QRVyammgUFShVBbcRnyKKPHKHjbSfiIArJpcjP-Dhx5mUAXVds7mhoxGU6kEh0ulmzBx1HdvuCfnRNS8tYF-6DYns2Wq7go,0xdd54d660178b28f6033a953b0e55073cfa7e3744,1,0.15
JoCard NFT V2,https://testnets.opensea.io/assets/rinkeby/0x45f7a4c3b14276caaa8888de7fe38c7ae4f43ce9/4,https://openseauserdata.com/files/05fee7959035dd2217569b29ee1fdd80.svg,0xdd54d660178b28f6033a953b0e55073cfa7e3744,1,0.1
Chosen Ones Legendary Heroes V3,https://testnets.opensea.io/assets/rinkeby/0x4fc16b3d52a4a33127683e49905c16a7ed9ea3c9/3,https://lh3.googleusercontent.com/0qG4L_KVqO0stmTa0VYRRpdZZltXjtrWtgqVzgd0HH-aYGEUOE71tLItEh9BYKnyiVBZQ6GObOKURIpz7jWPa31N15yIHVENb2zEd20,0xdd54d660178b28f6033a953b0e55073cfa7e3744,1,1e-05
Homo Moodies,https://testnets.opensea.io/assets/mumbai/0xc49d591d54fc4555f67fe84460d86aff3e21eb47/1,https://lh3.googleusercontent.com/KpZ71daYEwE_W-2M5ZM4VnWxfo3lPGqQuUXGFHufPl5nULExMpwoeCchGPlxwoja_abn5aipkV3vllzXrAScVNjr4EhIofCJoEQd,,1,0.02
nexgein,https://testnets.opensea.io/assets/rinkeby/0x88b48f654c30e99bc2e4a1559b4dcf1ad93fa656/73219683833150781139806225540408206907889920326923582279847170979356192276481,https://lh3.googleusercontent.com/yd3Xj9cDHhTKUaRSV8SIH5k_5o2afRUVi_1Ahlu0uN_Cs5eFYGQDtD2x1Aid2k0PvEdU-CrnknsGQ-3Ca8rOKa1M3sLVSiDc7-o0GQ,0xdd54d660178b28f6033a953b0e55073cfa7e3744,1,0.003
Test Collection 002,https://testnets.opensea.io/assets/mumbai/0xc01d2f3df268659cdaafefebdc8ad11bf93c5c47/20923417220129866612782626945431986105185892238080255058788659022676954728772,,,1,0.15980041722748345
Test Collection 002,https://testnets.opensea.io/assets/mumbai/0xc01d2f3df268659cdaafefebdc8ad11bf93c5c47/44207788961687855990023893505607931715425383468922230659405988188607549617726,https://lh3.googleusercontent.com/AxHLXUlcDAY7KAbsY-JsJDRFtI-WYjGVor8f_QG-AwOEaaNAFFDeVWi3mA7-Q8VAZ5kF9aK9ihyaDr2gHvvkAqYiTnC-OEIxSVF9eQ,,1,0.1599492164840999
MATABANGPUSA_NFT,https://testnets.opensea.io/assets/rinkeby/0xe155c86c22225b43c0443118b2700a8ead423d7e/2,https://lh3.googleusercontent.com/PdNHiPUyb9_f_a0mTN2f_RbkT28DUPJAsZ-ZcgYk4WUVj00i44Mc3Jgmwty0Imq_sJMGDcZS3XMfldprY6m0Dw8uHVXATRX7YZdjHQ,0xdd54d660178b28f6033a953b0e55073cfa7e3744,1,0.003
Untitled Collection #2145930,https://testnets.opensea.io/assets/rinkeby/0x88b48f654c30e99bc2e4a1559b4dcf1ad93fa656/82574115978448896245994400226319046079827326323917729373877977845069523189761,https://lh3.googleusercontent.com/MRexoJKJ_h6E_29LweujgOLRHvFEP3N_ssxjOXy-gtHFnYU-jTedhZIIfl2UBzcOJSpdD16OLIUkSB7bFFLpbsz2EK2VYSoCOxwLPJc,0xdd54d660178b28f6033a953b0e55073cfa7e3744,1,0.001
OpenSeaCreature Item Sale - 9idPkerQqE,https://testnets.opensea.io/assets/rinkeby/0xc416139c69d215000a0a0d9e4d1ede1f916c8769/2,https://lh3.googleusercontent.com/ZYK8wDppFca4UAcnzSk37MXxmKK5zXVbKjUEUgAPIo1CNoYn56R4xvkkvTSzBxvrkeMJmbmxpZghqCXNgXEEgcB6cA,0xdd54d660178b28f6033a953b0e55073cfa7e3744,1,0.001
TEST TOKEN - 3hq12o1wFR,https://testnets.opensea.io/assets/rinkeby/0x64abb7064285f3bc17fe7a9eb17258526ab36ffd/305,https://lh3.googleusercontent.com/IYtt-5T3-ctI76gThv4w3QLpPpBbKkTxoHmWeDaC4SkpmglC2JwEq9Ratapat9aADvBrM5n6KHe27LV3YK3rsG-lsDBCSDOMClNUIGs,0xdd54d660178b28f6033a953b0e55073cfa7e3744,1,0.3
Test Collection 002,https://testnets.opensea.io/assets/mumbai/0xc01d2f3df268659cdaafefebdc8ad11bf93c5c47/29745529437389821363011716458523865255696160213220545840466934379819419813666,,,1,0.1601287423005422
Cool Pets - tL0JxT9krc,https://testnets.opensea.io/assets/rinkeby/0x08805583a4adcba27a6a11d4e3af1512ec1b1316/1710,https://lh3.googleusercontent.com/EyyPG7oO2YfOQ_qrt38CKPFsT-XSAxXlIhzBQfLuKEQ6Wvuw3VafDgcKNKrW83Z6NMijQhsn7kLz9btdimrZ_xYhc_tmf-NfkjEziA,0xdd54d660178b28f6033a953b0e55073cfa7e3744,1,0.01
MultiFaucet NFT - q55YxxItOz,https://testnets.opensea.io/assets/rinkeby/0xf5de760f2e916647fd766b4ad9e85ff943ce3a2b/194035,https://lh3.googleusercontent.com/jDFIJBe7q7oE208GMI0gRWX8sNhw2apWX9vdsG_fBwVxy1A9nuA09azjOpFL1LRUFlN53tmkObnyjNyhcF1yTd02JOJh7hIpfrS_,0xdd54d660178b28f6033a953b0e55073cfa7e3744,1,0.8
Creepy Costumes - te2WNhqF6h,https://testnets.opensea.io/assets/rinkeby/0x278821af0167676c256ab8c1f9cd9ffdbd2e6fa5/1,https://lh3.googleusercontent.com/Qs3NR3Tn8ECxrMuh6kX89fxU_pDHtmLJqxURFgytrdmyJbQmQFTH7A-lTCo1vFX7kvfz5ltRXHZMEor7O-O8rkOmF6wQSaXpvyjv,0xdd54d660178b28f6033a953b0e55073cfa7e3744,1,0.1
Test Collection 002,https://testnets.opensea.io/assets/mumbai/0xc01d2f3df268659cdaafefebdc8ad11bf93c5c47/20215975233241680597526763248831282673450004739742483612532310898347734576956,,,1,0.1593930709880401
Sappy Seals V3,https://testnets.opensea.io/assets/rinkeby/0x6b26bb004c197f4de3cc7ea9de3ce8e2c2f3d72e/13,https://lh3.googleusercontent.com/QQw2STtPFzynvthuNiNLFIlPXVdbSrZprjSImCg6RMsDcpvf_KQenpnd_M1Binrzczkrg_BgwjNQ8Jg3M0dKUN-Qpq9nlwSohq_S,0xdd54d660178b28f6033a953b0e55073cfa7e3744,1,1.0
NFT_1 - Vbn7zSwd9N,https://testnets.opensea.io/assets/rinkeby/0xa2c680d6ea654cf4ca14c31549d9e9358559b9a5/188,https://lh3.googleusercontent.com/RZ6KvVSIpgKuaQa8gf1Fo0alJtR_jGBzu9heBnPtxJcxZDYQjCCKY-a9LSHZHOfXZj9ZrvnFHwgmtOY3KtYgmDhVXJ6Uocpfjbrxhg,0xdd54d660178b28f6033a953b0e55073cfa7e3744,1,0.1
Cool Pets - tL0JxT9krc,https://testnets.opensea.io/assets/rinkeby/0x08805583a4adcba27a6a11d4e3af1512ec1b1316/1710,https://lh3.googleusercontent.com/EyyPG7oO2YfOQ_qrt38CKPFsT-XSAxXlIhzBQfLuKEQ6Wvuw3VafDgcKNKrW83Z6NMijQhsn7kLz9btdimrZ_xYhc_tmf-NfkjEziA,0xdd54d660178b28f6033a953b0e55073cfa7e3744,1,0.01
Azuki God,https://testnets.opensea.io/assets/rinkeby/0xb74bf94049d2c01f8805b8b15db0909168cabf46/34,https://lh3.googleusercontent.com/AYb8H2JS-upJQ8W0X-ZI8CKFpIIKwGc0lQfoGsk-SmgQvqRAbnSTWQwyHx0HIGupenLGSRBeV7wYKpb2Tkp-oZygiRxlwrWBOuGX5g,0xdd54d660178b28f6033a953b0e55073cfa7e3744,1,1.0
Test Contract with royalty,https://testnets.opensea.io/assets/rinkeby/0xd5063c456c2460a14efa659cf83d98adea86f329/13,https://lh3.googleusercontent.com/Jm6Ffc1qLGo1qF-LXFoFDBzzcr2v6IiRo7p2DTbXEQWNNSQqeS0Nwe1j5K44N3vkCjAc2tkGeZksj-ez1jNcq6ssBSalbLpQufPO,0xdd54d660178b28f6033a953b0e55073cfa7e3744,1,0.02
Curious Addys NFTs,https://testnets.opensea.io/assets/rinkeby/0x52ff80b0c767ef546a21c61de38d79024a0406f3/1,https://lh3.googleusercontent.com/sQf1GcBruwgBxszvlQeK1Dto60LVMqdo51_OhHfpzdDRovLNz_QFVklIDVpjX4M0nGGo3BpLhBA3gEm0oijV7-OPkK9CkjUAISji3Q,0xdd54d660178b28f6033a953b0e55073cfa7e3744,1,0.01
FAKE MEKAVERSE V2,https://testnets.opensea.io/assets/rinkeby/0x4ccb7324b38686b47a6bb6a186b3ae1ca12f65ed/739,https://lh3.googleusercontent.com/3YG_W2Gg3fDsuXksEdQgPvX4oB_PzBV_bTl_pG90t-7jzfN-omGfHdYVC6F-xT3C2nkVg_LSCDrwqd1CGMXdlriEWCmBATff8Y0ZGg,0xdd54d660178b28f6033a953b0e55073cfa7e3744,1,0.0001
Azuki God,https://testnets.opensea.io/assets/rinkeby/0xb74bf94049d2c01f8805b8b15db0909168cabf46/696,https://lh3.googleusercontent.com/raYwRoGm2OnyBtsorVHvyUDRCi36bg2-wfud9H84ZC9SbhcuAAkSbWOUWz0jQZHyQnx_PxylliHCkKbw-2zrGPq6nuWOPgpg4vvXWnE,0xdd54d660178b28f6033a953b0e55073cfa7e3744,1,1.0
Test Collection 002,https://testnets.opensea.io/assets/mumbai/0xc01d2f3df268659cdaafefebdc8ad11bf93c5c47/32809390040275454902635668289465797143457520352238384498687189238023685257401,https://lh3.googleusercontent.com/triOc8iBVkadyGqFxFb2ER8j7Ki4a3O97tCncWCSwVlF0m0xStMfIGQpsz4F2se53XHXEStghwvXaWgJJ7df6RshLIGJnEOzHCoDqZE,,1,0.15751958854122128
Test Collection 002,https://testnets.opensea.io/assets/mumbai/0xc01d2f3df268659cdaafefebdc8ad11bf93c5c47/2685430877444555796690336376202539260564993870454807281096968901955711812855,https://lh3.googleusercontent.com/z8u4821BX5HNs5IRV3jbsSu2s4a8YFKH_zLIK-e9kgBQHht_FrJcpeDDakcM3RlaUkwbgBqAD0WEF7nhY9w12fLFkTBOqQg8kDuoSA,,1,0.15751958854122128
Mes yeux pourpre,https://testnets.opensea.io/assets/rinkeby/0xd8d555e2ec642bb8769a9ab479f456b411627f78/3,https://lh3.googleusercontent.com/tfh9QUAlVhzJf-V3VvdepQueBmnTpSc46qosXQlsSi8c3CQz50UOLe7kZ7DLmwMWemHIQ6wd1P737JWjIaWtSMvrMHRmOnSiTcEOJQ,0xdd54d660178b28f6033a953b0e55073cfa7e3744,1,0.004
FAKE MEKAVERSE V2,https://testnets.opensea.io/assets/rinkeby/0x4ccb7324b38686b47a6bb6a186b3ae1ca12f65ed/704,https://lh3.googleusercontent.com/MEq7ZY5eT0fiv2cLepN7kNJWZQQbPAUBe8-dA1vlQ-O2hRQ3Ulize4QpBcxUPIo4Wnu1OwmXabgKgurBA6lT4FaBGHktL5ojWlRVj5Q,0xdd54d660178b28f6033a953b0e55073cfa7e3744,1,1e-05
FAKE MEKAVERSE V2,https://testnets.opensea.io/assets/rinkeby/0x4ccb7324b38686b47a6bb6a186b3ae1ca12f65ed/740,https://lh3.googleusercontent.com/nNJg4SNTNdfFWQGn4pw8EWBYznU_YLbwe3ZALQKxdXgJlOeHN48omOnO6dbz-O2ttgy0Vigu1ue6o2XILes0WvX2TysdfPHgf2w,0xdd54d660178b28f6033a953b0e55073cfa7e3744,1,0.0001
FAKE MEKAVERSE V2,https://testnets.opensea.io/assets/rinkeby/0x4ccb7324b38686b47a6bb6a186b3ae1ca12f65ed/693,https://lh3.googleusercontent.com/IgOMrxAXqq9fU0M6pJaxvfywDUoGb261fj04FWYTKz_yCth28jlNbEGXkgVlpDBFBNLgIRNznD17yMyUUcgSxz8K65nXRf80bcMM4w,0xdd54d660178b28f6033a953b0e55073cfa7e3744,1,1e-05
FAKE MEKAVERSE V2,https://testnets.opensea.io/assets/rinkeby/0x4ccb7324b38686b47a6bb6a186b3ae1ca12f65ed/703,https://lh3.googleusercontent.com/aRZJjUXJvfAHjjp_f5B9RHzktLHTAVzgkuCXSh5Xu1Vp2JVfIVX2nAQJgKLP2G7zFsIJqGIlPtbLLNEfdf_kTfQ_ymkr8GKgEyEdI5I,0xdd54d660178b28f6033a953b0e55073cfa7e3744,1,1e-05
FAKE MEKAVERSE V2,https://testnets.opensea.io/assets/rinkeby/0x4ccb7324b38686b47a6bb6a186b3ae1ca12f65ed/745,https://lh3.googleusercontent.com/-GtDDHDUHOKTGGlPt-hj6TturRJyid6k5-FqkDdwm-eqikLPWp0taPDdZIuh6_A7CgKJ_WzV2oKqMIxgMqD89QLviCwTWsh-duMMIB4,0xdd54d660178b28f6033a953b0e55073cfa7e3744,1,1e-05
MarsArtToken,https://testnets.opensea.io/assets/rinkeby/0xe19c1e00f51ed641f4997b261c825399fc9a9281/766,https://lh3.googleusercontent.com/AZwbGrjYMj_vlC2Z7Zej4mrHhrqxD59vxKU5v4M7uMTYvGoSqpZ-mEjjFgYpvIAAT3tHdx0MHsxSJ9s60KEU1ENfvz2h1vWzDd3Ebg,0xdd54d660178b28f6033a953b0e55073cfa7e3744,1,1.0
MarsArtToken,https://testnets.opensea.io/assets/rinkeby/0xe19c1e00f51ed641f4997b261c825399fc9a9281/766,https://lh3.googleusercontent.com/AZwbGrjYMj_vlC2Z7Zej4mrHhrqxD59vxKU5v4M7uMTYvGoSqpZ-mEjjFgYpvIAAT3tHdx0MHsxSJ9s60KEU1ENfvz2h1vWzDd3Ebg,0xdd54d660178b28f6033a953b0e55073cfa7e3744,1,1.0
Test Collection 002,https://testnets.opensea.io/assets/mumbai/0xc01d2f3df268659cdaafefebdc8ad11bf93c5c47/4431389536910657341964420968647448605022105180359471628058268478028586612869,,,1,0.15705963425928512
Test Collection 002,https://testnets.opensea.io/assets/mumbai/0xc01d2f3df268659cdaafefebdc8ad11bf93c5c47/23722038400124281121353931600904933846723653805998667179147442321025553543869,https://lh3.googleusercontent.com/2bqkMf-0oNJjvyleaIi4Kj2UyF8tEZsFsz7Yc-Ro0Mjz7j6Iw886T7FwOTUKJaUgz4fzgQmd6IEXjAAQm95anqwD9hVREOKkcb0J2g,,1,0.15705963425928512
Unidentified contract - QeWITnUpCq,https://testnets.opensea.io/assets/rinkeby/0x7b4a8582d794ee2d8035956ca30b058200a8973a/26,https://lh3.googleusercontent.com/xUP0sT1nNLTHyBQ1QoF0kFB1D4Jww6LNXCr6hGYF6aHNWXNUW9B65Jl2pvHrMCTH2crA-MjQvM0qxjQRZzt2wOdof50xYMFHEc766w,0xdd54d660178b28f6033a953b0e55073cfa7e3744,1,0.033
TheKnot,https://testnets.opensea.io/assets/rinkeby/0x2d226f3de543d91455f9153b41fc61373cda963b/1,https://lh3.googleusercontent.com/pf8HpBmCCQVMjN6cNWDNG-0Z6t_DaXv-XASXxag5QobiQYFAVEkSA_Q8k48qLlVOSZY-W2sbgbfItAIwoz_fp1iSRSSBtJuyzTOdCA,0xdd54d660178b28f6033a953b0e55073cfa7e3744,1,0.002
Luarn_NTUST_EMBA_AA,https://testnets.opensea.io/assets/rinkeby/0xd0ebaec1777418aca5da4247837652c9b744f2e4/32,https://lh3.googleusercontent.com/86QNOuR9fQORjUPCdHdwedk-O7ff1aTj7tPR73Ij4TmfDeliEM7oJofOydiz03H1bknXnnJAnkA8pWaYBJqU4dawh7AloLpE22vOrg,0xdd54d660178b28f6033a953b0e55073cfa7e3744,1,0.05
Chosen Ones Legendary Heroes V2,https://testnets.opensea.io/assets/rinkeby/0x8deb3ed6a608b4d59fc1cce119eb6fe9758fce8c/2,https://lh3.googleusercontent.com/obA50KJShIMb9O8QAOQOoHHWDhKgPf7arnQetVzjkxCd4Yc-p7qp11zg9oPbYpGPSBPIwg52IyHADmbGhuUDqCOaXAZmfboiSRjR,0xdd54d660178b28f6033a953b0e55073cfa7e3744,1,2e-05
Unidentified contract - QeWITnUpCq,https://testnets.opensea.io/assets/rinkeby/0x7b4a8582d794ee2d8035956ca30b058200a8973a/25,,0xdd54d660178b28f6033a953b0e55073cfa7e3744,1,0.25
Untitled Collection #7016072,https://testnets.opensea.io/assets/rinkeby/0x88b48f654c30e99bc2e4a1559b4dcf1ad93fa656/84890749376139557557628166313684356977428228486437153691788837341936712941569,https://lh3.googleusercontent.com/PhsW39fIMvgqk_91eYVeze_apygSgTHn2UhfgimkI7DzcjLafpXvDKNacBIYuINUdsi1TFkBTR6d6Dh-_mIjv10TxWwxZVSGStYbxfQ,0xdd54d660178b28f6033a953b0e55073cfa7e3744,1,0.0
Test Collection 002,https://testnets.opensea.io/assets/mumbai/0xc01d2f3df268659cdaafefebdc8ad11bf93c5c47/22934142933668827224671340138661802457564565018051364689432737963531853667516,https://lh3.googleusercontent.com/wQj1eQes5lR0GYWBgo4w1CiU9lOOmadRAW80wPSwsJtVBaHwqtlyxuc0fIBAQ-LlmPO-f3VTOs7jmG8QClUKVcveWiDG24Av6AHK,,1,0.15734056680365785
Test Collection 002,https://testnets.opensea.io/assets/mumbai/0xc01d2f3df268659cdaafefebdc8ad11bf93c5c47/62847754817722569324833324493046213604314193210341616922640341709242328213012,https://lh3.googleusercontent.com/vrVEYwXyk4L27mpcNgbZwVxWKSRodBXwntLWFPS8B_R4HNCXx70MiGphdHuAt5X6eswMLRGo53739Vpna4o9sOTiN2R9faFnBPEVKw,,1,0.15722691548350265
RiverEstate V3,https://testnets.opensea.io/assets/rinkeby/0x4325a10e029f6112f1ae9dd6ed6e05b9a24630ed/12,https://lh3.googleusercontent.com/kYAfL31KAnCY1NIwL6WSTr_ZdO7yYBvSQW1hG3vCvhP7GF5Zv9tzze12Xh0EadBm2kVwn0HIO3WSe0TD8rYpADXFmGUCiQ6TMbHCFY4,0xdd54d660178b28f6033a953b0e55073cfa7e3744,1,0.22350710900473933
WrappedCompanion - oppIyq1zuT,https://testnets.opensea.io/assets/rinkeby/0x2ea85fd5cecfb4a47f193282c773b7482accd2de/2,https://lh3.googleusercontent.com/Gc9tRZT59XMU_qxix0eufxNWuqNJDW3QycYv6_ooFqgqn1UbRHGAbMu17tOytc_RxSSj6ohMBh5DmxhtoeetGFQj-VrZT0zUlZhTrQ,0xdd54d660178b28f6033a953b0e55073cfa7e3744,1,0.1
FAKE MEKAVERSE V2,https://testnets.opensea.io/assets/rinkeby/0x4ccb7324b38686b47a6bb6a186b3ae1ca12f65ed/705,https://lh3.googleusercontent.com/fbxgsaAruC8GJqo729FelQxBIp14IG1kao0qhIWHsrpg2137lF3TYkgl1vtVcaZjRnDWpnnadsSOXK9xYeHXf1CyahnJmFVpREpCyg,0xdd54d660178b28f6033a953b0e55073cfa7e3744,1,1e-05
Untitled Collection #4801055,https://testnets.opensea.io/assets/rinkeby/0x88b48f654c30e99bc2e4a1559b4dcf1ad93fa656/108984394949561007863705684618236059524214300086791089062004924338183212105729,https://lh3.googleusercontent.com/rznSjlS9uthVXlSjt0y2-o5KGseUYH4ZpJd1rBhn0GCXXWrVBXMv-8y3J321O7dKJL1_SqoGSsJ1MWew7Pz8ICRF74RVE5J6KdVB,0xdd54d660178b28f6033a953b0e55073cfa7e3744,1,0.5
Azuki God,https://testnets.opensea.io/assets/rinkeby/0xb74bf94049d2c01f8805b8b15db0909168cabf46/8,https://lh3.googleusercontent.com/aRZJjUXJvfAHjjp_f5B9RHzktLHTAVzgkuCXSh5Xu1Vp2JVfIVX2nAQJgKLP2G7zFsIJqGIlPtbLLNEfdf_kTfQ_ymkr8GKgEyEdI5I,0xdd54d660178b28f6033a953b0e55073cfa7e3744,1,1.0
MyToken - plB1H14MUX,https://testnets.opensea.io/assets/rinkeby/0x2598c8d946095a35400f88841fde350eb1a316cc/3,,0xdd54d660178b28f6033a953b0e55073cfa7e3744,1,1.0
Unidentified contract - 82p0PFOMkJ,https://testnets.opensea.io/assets/rinkeby/0x88b48f654c30e99bc2e4a1559b4dcf1ad93fa656/90656231842468439281161448735932770077009232919164812505539438513409371406337,https://lh3.googleusercontent.com/qHKJiOgkKyE2bccp3rDPK3LEg6NbOL3Ud3UsIt4G2L5mHkwNB_zIWKPD815jtpO4f_NsLP1NWzTCUh_4CGfF8jp42hm1m4G-YgjV,0xdd54d660178b28f6033a953b0e55073cfa7e3744,1,1e-06
Roller Coster,https://testnets.opensea.io/assets/rinkeby/0x88b48f654c30e99bc2e4a1559b4dcf1ad93fa656/37865715547958943196294932395607810378250440753228003878491252754558981505025,https://lh3.googleusercontent.com/nOWd5jsfJmWMHLNsUarYXOhVsOBHhGcyd2UFnwVzaEgy1Q48yPMavdvyn_iT5XgeG9F0gP_1TcBeIvOLjzc-L4nx5vkukZv8z6gk9RY,0xdd54d660178b28f6033a953b0e55073cfa7e3744,1,0.4
Roller Coaster V2,https://testnets.opensea.io/assets/rinkeby/0x399cce8a452d5f2293550a35874985079c911823/10013,https://lh3.googleusercontent.com/B84MDIa7X8g4Q7KcbGa0KVYTvOWy9hNmaTybfNOIMY3pkbhA6xGdqirQRuGDWVoGF0BVMQ59T99qURDpblVLcnC2QCwlCjVpTZBs,0xdd54d660178b28f6033a953b0e55073cfa7e3744,1,0.5
Final_Sanity,https://testnets.opensea.io/assets/rinkeby/0x16caf6c1f260abfbbfcce40f245ba59d82bef501/3,,0xdd54d660178b28f6033a953b0e55073cfa7e3744,1,0.003
DungeonsAndDragonsCharacter - gPzttSJr5G,https://testnets.opensea.io/assets/rinkeby/0x6460996f9aeb19f84f090e5d0d4c916ebeea7a02/1,https://lh3.googleusercontent.com/-AcUIQErgJD8gPj9Ejm2QYiNBTeqlGP7fVsTkuaZwJI1-opGGRvS74t2VQw7BsQhtR9fQmpngREjdMUTEW_1tBMHECpeMDxrpvgsq2s,0xdd54d660178b28f6033a953b0e55073cfa7e3744,1,0.2
Final_Sanity,https://testnets.opensea.io/assets/rinkeby/0x16caf6c1f260abfbbfcce40f245ba59d82bef501/2,https://lh3.googleusercontent.com/ox4iVV71yVbZj0Q99jsLHeKaTfD2QyYKvHbAabQB8xM6EXYyLsSD_Zh2bycDA_ct0TQTm-JX89U_YpA_QCKjd7vS_aeh2zoVQfQWxDo,0xdd54d660178b28f6033a953b0e55073cfa7e3744,1,0.02464
saad V3,https://testnets.opensea.io/assets/rinkeby/0x356548012048005926d19df80f5406a1c6d16a3d/16,https://lh3.googleusercontent.com/ZgkD_vDo1Hd8q5_GuKjRPEFewK3YkMrjZ0KkR928P773V1e5mo___FRGfWie4dgrx8-Nmq1dY_w5UbHXPyDkNOhH3G6qWFw4NC1uhA,0xdd54d660178b28f6033a953b0e55073cfa7e3744,1,0.001
Final_Sanity,https://testnets.opensea.io/assets/rinkeby/0x16caf6c1f260abfbbfcce40f245ba59d82bef501/2,https://lh3.googleusercontent.com/ox4iVV71yVbZj0Q99jsLHeKaTfD2QyYKvHbAabQB8xM6EXYyLsSD_Zh2bycDA_ct0TQTm-JX89U_YpA_QCKjd7vS_aeh2zoVQfQWxDo,0xdd54d660178b28f6033a953b0e55073cfa7e3744,1,0.0001
saad V3,https://testnets.opensea.io/assets/rinkeby/0x356548012048005926d19df80f5406a1c6d16a3d/1,https://lh3.googleusercontent.com/k4zbMKCBE5cLtZHhH_YqeBuE_I-nN0Qils_j3a8pKrbUciTc2ohlSg8LbNBqXKPmGcE-uMAa5Fa5jp0j0B2T0oEEpPtcP09AtSbdng,0xdd54d660178b28f6033a953b0e55073cfa7e3744,1,0.001
ShatteredEON - 9A7crduosy,https://testnets.opensea.io/assets/rinkeby/0x6a9b82a35c86a02ba74c964ee64c71f0d57b96cc/187,https://openseauserdata.com/files/5c672558cb2e58bd1b5dff01a73109d8.svg,0xdd54d660178b28f6033a953b0e55073cfa7e3744,1,0.01
ShatteredEON - eC3ovEPtRK,https://testnets.opensea.io/assets/rinkeby/0x0b3c747a03f3d8dc09936cf071bd5ec5c368fa2b/27,https://openseauserdata.com/files/f8dd3f1b4b47b71614f06fdd26ded892.svg,0xdd54d660178b28f6033a953b0e55073cfa7e3744,1,0.02
Bla123,https://testnets.opensea.io/assets/rinkeby/0x6f48584a86b75d16ead9bdfaf9fa7a0b575f578b/362,https://lh3.googleusercontent.com/-GsEn7p01Y7wuM5m2P51_Bx7KitLSzAaL0cPvl3X4JRFcose8coWsD2XIt2wCpd__BYB4l3eBQbqS2RarwMA5S-uQEHIcCb06ivL,0xdd54d660178b28f6033a953b0e55073cfa7e3744,1,0.05
Roller Coaster V2,https://testnets.opensea.io/assets/rinkeby/0x399cce8a452d5f2293550a35874985079c911823/3,https://lh3.googleusercontent.com/eS9XQRZjTFXdrcyYFBYudbikHfxMyzP1Q5GTNaGy0icq-Tvvwa4C5AsNE8WuzpsoD9sysRm-MBWLATP076crC9zyYvKZSkF13UT_,0xdd54d660178b28f6033a953b0e55073cfa7e3744,1,0.4
sheri7854,https://testnets.opensea.io/assets/rinkeby/0x07b9e47ad2b04f733ed44be09497981da1b6c845/0,https://lh3.googleusercontent.com/XFdkQtj0_aj59kCldAR-IrRgGrAPdtQk1AYxmYo4VeKDfXOjAwOWKsKHV4d6WD0Kmbvn0IklogJoSTvzuQGC2jKBou1V8X9_NZEyug,0xdd54d660178b28f6033a953b0e55073cfa7e3744,1,0.001
JKToken - Z1hEGQdfJp,https://testnets.opensea.io/assets/rinkeby/0x7ce632860c38aedaa860b5983088ab0038cac6db/25,https://lh3.googleusercontent.com/sHJbUDvAibX3RKQZ6HH1GWpNBwvzdgLUczRDDa4_aAC8dwPUxxSG2pmXGSKCUm4mEZmCHm0NqpO1UB4zAZ2yV2am21BO8ukFAxFvOSA,0xdd54d660178b28f6033a953b0e55073cfa7e3744,1,1.0
Roller Coaster V2,https://testnets.opensea.io/assets/rinkeby/0x399cce8a452d5f2293550a35874985079c911823/4,https://lh3.googleusercontent.com/k0uuBotrSiJgIW6QM5SvemiCe8UnIo9CDPxgVGUdy5X4ZAN36tWZRyx1cdApo4LJpZU-kNetVpVFp-3fqi_xZT_O8QJg1EtoDv-u,0xdd54d660178b28f6033a953b0e55073cfa7e3744,1,0.5
JKToken - Z1hEGQdfJp,https://testnets.opensea.io/assets/rinkeby/0x7ce632860c38aedaa860b5983088ab0038cac6db/19,https://lh3.googleusercontent.com/M9tlkpmCpRQote1XifwsKY1WVPQOT_FTkkDRs6UhF4jeF_KLfnk6IQ6e-_GbpE0sg0upGdDn2g8_zozEUujj_reik59xh-Qy5P3mZ64,0xdd54d660178b28f6033a953b0e55073cfa7e3744,1,0.1
collection - 4Wxtqg57db,https://testnets.opensea.io/assets/rinkeby/0x4ec4a10b17024ad8b9f39e2456f983061b1521fa/8,,0xdd54d660178b28f6033a953b0e55073cfa7e3744,1,0.001
OPENSALE V4,https://testnets.opensea.io/assets/rinkeby/0xc0f3ab42c52edc7f97c88c2cb2b63cddb99704d7/1648206451,,0xdd54d660178b28f6033a953b0e55073cfa7e3744,1,0.0001
la Patri,https://testnets.opensea.io/assets/rinkeby/0x4c51ea3272f126f6bee3437b838649e8bcbd4376/2,https://lh3.googleusercontent.com/cUiaOR995rKHEMBtje2CnnHmDL2HKp8f_wlhrnjG_xLCnFHn-szpojOW7eqFyiSkqoz9K8jAUh3H6VvaoakKE7Kf1-otmfiSgHC0EA,0xdd54d660178b28f6033a953b0e55073cfa7e3744,1,0.15
mimgContract,https://testnets.opensea.io/assets/rinkeby/0x6002da861346a515ac3938cfe21c25d6fe48e412/2,https://lh3.googleusercontent.com/GsNfVwx3Ci3P_nfeQHpMUxM_gvTXXDyudvtKdPYKKo_ckOzJuh3T-FpvkogOY_kzGal_0OAyI8Z13v3liyEiCkebBwb-G0sfOve6,0xdd54d660178b28f6033a953b0e55073cfa7e3744,1,0.15
la Patri,https://testnets.opensea.io/assets/rinkeby/0x4c51ea3272f126f6bee3437b838649e8bcbd4376/2,https://lh3.googleusercontent.com/cUiaOR995rKHEMBtje2CnnHmDL2HKp8f_wlhrnjG_xLCnFHn-szpojOW7eqFyiSkqoz9K8jAUh3H6VvaoakKE7Kf1-otmfiSgHC0EA,0xdd54d660178b28f6033a953b0e55073cfa7e3744,1,0.02
Azuki God,https://testnets.opensea.io/assets/rinkeby/0xb74bf94049d2c01f8805b8b15db0909168cabf46/909,https://lh3.googleusercontent.com/P9JPFCI-SQgVAYzTFSZz1sNrwTi7PgJpJixZMnYYSogwYfKu5ov-zjYcYmz5fKHHQdd3PCUWmJS5cvp9nHqxHZQKqrS1TnXra1qZbA,0xdd54d660178b28f6033a953b0e55073cfa7e3744,1,1.0
Hero-NFT - E7P2J1U3lP,https://testnets.opensea.io/assets/rinkeby/0x3bf9ba874f8d90fb67c9bb2183afebdf34bdbe2d/35101,https://lh3.googleusercontent.com/UFJq_rQhSsU5L72_SnRaqsmGyYVe0py9C5xnw811OCIAhZFnbxm46dnAaKRthbnk6ipCEfyGhPyRhn4-Z2vr7O28qVda-TM7lsX4OMc,0xdd54d660178b28f6033a953b0e55073cfa7e3744,1,0.111
MultiFaucet NFT - q55YxxItOz,https://testnets.opensea.io/assets/rinkeby/0xf5de760f2e916647fd766b4ad9e85ff943ce3a2b/1100,https://lh3.googleusercontent.com/jDFIJBe7q7oE208GMI0gRWX8sNhw2apWX9vdsG_fBwVxy1A9nuA09azjOpFL1LRUFlN53tmkObnyjNyhcF1yTd02JOJh7hIpfrS_,0xdd54d660178b28f6033a953b0e55073cfa7e3744,1,2.0
Untitled Collection #5130056,https://testnets.opensea.io/assets/rinkeby/0x88b48f654c30e99bc2e4a1559b4dcf1ad93fa656/90000722666113119111806414392839913085394825957434186630663355243222202843137,https://lh3.googleusercontent.com/w83b6H_Ig8fNnr4b4P8pwKWIPbAGZFD4AqY5jeT1xqtKbCU1Siap5LQyUahdvwzboC8tpjLSHsV0OeRzndPwU-l1IZEHHeng7zTHSdM,0xdd54d660178b28f6033a953b0e55073cfa7e3744,1,0.0001
mimgContract,https://testnets.opensea.io/assets/rinkeby/0x6002da861346a515ac3938cfe21c25d6fe48e412/1,https://lh3.googleusercontent.com/lCRxnO3RYF10Ct8OVnuPKBl_sVpLrrmXIIiKnx0Il_zdMc8IA69VrxBXflxQJXo-X3HR3kjmQfqftFGzTQx06kj-xrTC2lolOAQFgw,0xdd54d660178b28f6033a953b0e55073cfa7e3744,1,0.0001
Tennis Champs Genesis Sale Test,https://testnets.opensea.io/assets/rinkeby/0xa1704ba88defa0926cff7a9d447943e115e7b15f/0,https://lh3.googleusercontent.com/kCdgK6cqL-9M1cUs1O9RTZBUkJe5kAFjgZV08NLFvuExuRaB9dO8Ls84riHnIz9H9lS6iWE1W1P5TQTnbKrzRGgaES_NU55Tyda4,0xdd54d660178b28f6033a953b0e55073cfa7e3744,1,0.079
Test Collection 002,https://testnets.opensea.io/assets/mumbai/0xc01d2f3df268659cdaafefebdc8ad11bf93c5c47/243145155659859252710707324576976504145200788670836071121364319485892724673,https://lh3.googleusercontent.com/9mBNzmfsUwFn6kjGZxgKB-rHyci8K2BcnApVSlFgam-FxUvZhQah7U5Wn0CY5LZmTkeDsDoAgRituTnkxzXC7fyn5fknQ6yg9DJjkA,,1,0.1575462605304622
SquidMarbles - GHdyxj5EyL,https://testnets.opensea.io/assets/rinkeby/0x7e9ffc6db7d3fe90393978943c2ce05593b5feb3/4,https://lh3.googleusercontent.com/ZUOTQ0Ih4IWlREqERCcRbfvDrScNwyJ3KQBD6mKaweYc9UHbNnhiQyNeA9yvcQ88CqV6LaDdDlkAcr-g-MR6fhoG8KQmau7AmYoLwA,0xdd54d660178b28f6033a953b0e55073cfa7e3744,1,0.009
MultiFaucet NFT - q55YxxItOz,https://testnets.opensea.io/assets/rinkeby/0xf5de760f2e916647fd766b4ad9e85ff943ce3a2b/374084,https://lh3.googleusercontent.com/jDFIJBe7q7oE208GMI0gRWX8sNhw2apWX9vdsG_fBwVxy1A9nuA09azjOpFL1LRUFlN53tmkObnyjNyhcF1yTd02JOJh7hIpfrS_,0xdd54d660178b28f6033a953b0e55073cfa7e3744,1,1.0
la Patri,https://testnets.opensea.io/assets/rinkeby/0x4c51ea3272f126f6bee3437b838649e8bcbd4376/1,https://lh3.googleusercontent.com/QPobJIQq5zBIauuXISfAF0y677CVbDMiOmYVPe4y88VRgAQsCLju2qOXOuSPYy3lOwBjV1Dt4N2NTs7puC2TeGd9ToQaX7_DEqIx3Q,0xdd54d660178b28f6033a953b0e55073cfa7e3744,1,0.2
WrappedCompanion - oppIyq1zuT,https://testnets.opensea.io/assets/rinkeby/0x2ea85fd5cecfb4a47f193282c773b7482accd2de/2,https://lh3.googleusercontent.com/Gc9tRZT59XMU_qxix0eufxNWuqNJDW3QycYv6_ooFqgqn1UbRHGAbMu17tOytc_RxSSj6ohMBh5DmxhtoeetGFQj-VrZT0zUlZhTrQ,0xdd54d660178b28f6033a953b0e55073cfa7e3744,1,0.001
Azuki God,https://testnets.opensea.io/assets/rinkeby/0xb74bf94049d2c01f8805b8b15db0909168cabf46/29,https://lh3.googleusercontent.com/iz5eNfrmSrVA7jQUKop7HapmVCUggLYhGW8kz6Uv9Mj_YzldUIk9mzqxgVRtEmirEK8CAVaopCa-OLjUY6NXtKAecfJ3UXtTlNpM,0xdd54d660178b28f6033a953b0e55073cfa7e3744,1,1.0
FootBall - SPMFjKY8xd,https://testnets.opensea.io/assets/mumbai/0x50ed30134571916175a2e700a3b44572ece5760a/1,https://lh3.googleusercontent.com/QyPyT-ezCdoQM_R0IXeCiD7dCZVbgVeGytF31GgMWRlVi74eLuPhbKO_LZ7ScFbdVIS7nXt4otaxiuNsWIBj961BCsOd-1dWnEyTcg,,1,0.0001
OPENSALE V4,https://testnets.opensea.io/assets/rinkeby/0xc0f3ab42c52edc7f97c88c2cb2b63cddb99704d7/1648206120,https://lh3.googleusercontent.com/s-eVj3iE3GGjYfLgHOGtgHX07J3rDupeaUO36h8aQnO0Kh5petEidk6IlP-usXZFYRN7dfRsPnaJCiWqb7M9EMJL9lJactrsAkaA,0xdd54d660178b28f6033a953b0e55073cfa7e3744,1,0.0001
OPENSALE V4,https://testnets.opensea.io/assets/rinkeby/0xc0f3ab42c52edc7f97c88c2cb2b63cddb99704d7/1648205834,https://lh3.googleusercontent.com/FDfJqrobmHVsLC6tNvjYv90xxRUPqG39zJqpjj-FpgKJJX5n23IegiO4lkqbATXRUxz2z8GGHa8qMN0cHqof1hx2xetxy6MobmKxkw,0xdd54d660178b28f6033a953b0e55073cfa7e3744,1,0.0001
Milage trade center V2,https://testnets.opensea.io/assets/rinkeby/0x2cad7b7618911e62cc901ee08f464d69b4aa258c/1648206171,https://lh3.googleusercontent.com/110uioEf1oivyQgiVDhvAFSHk4-2EiEn1NmLkZeVKw1phvyVaSLBfjEetImULQRhmEgxYCtEibPxUuaXSwt_DIZUsRpEYL83VAwJyQ,0xdd54d660178b28f6033a953b0e55073cfa7e3744,1,0.0001
Rinkeby_Contract1903_WithoutRoyalties,https://testnets.opensea.io/assets/rinkeby/0x765375f2b19de2134ccfdad89cd13edd9fcf95a9/9,,0xdd54d660178b28f6033a953b0e55073cfa7e3744,1,0.02464
Milage trade center V2,https://testnets.opensea.io/assets/rinkeby/0x2cad7b7618911e62cc901ee08f464d69b4aa258c/1648205688,https://lh3.googleusercontent.com/gFXlSkdo1zwK-IircHKhGUolUGB5gW96kMu_8iN9CcsUcaHzgleGAAdDCEi6NYSUsRKaF3wOqohaSmhWuinJIetlVTIwcTj7nUekJgQ,0xdd54d660178b28f6033a953b0e55073cfa7e3744,1,0.0001
TEST - 7kgq1ZeoXn,https://testnets.opensea.io/assets/mumbai/0xfd5895ba41ffa64983675756f962305844506f95/1,https://lh3.googleusercontent.com/1RmWwkhsxjGUoXrmEyBKuFErCMWNfXt-J8XIXyrKoHY6Qdwi2j0uPvvB9_Ifd_vbRp6fGnknmkRgGkZNUL62tAcgC6UiKazUOT4tLcM,,1,0.1
Trex Big JJ NFT,https://testnets.opensea.io/assets/rinkeby/0x2c5fc3dfe3972ea004ca4e1a574e97174e9cc436/3,https://lh3.googleusercontent.com/pqhjgsfTaFYZzmyAb7dK3zypRqvtDhhtmf4k-IDUukDlNVy2CbBUYAcpBBNV6AzI5Ovf5evoi7DOe4FfbZ7zgNPJ,0xdd54d660178b28f6033a953b0e55073cfa7e3744,1,0.3
Milage trade center V2,https://testnets.opensea.io/assets/rinkeby/0x2cad7b7618911e62cc901ee08f464d69b4aa258c/1648190708,https://lh3.googleusercontent.com/N6t2PGt7aET9760_vd0BCEx3qEG62vpKayDskJkuV2AP_TUAwYELxjuV_OosBRFz0GNpGhYMs6xerCC1I7daGo9gjwD_atI3W4fxnQ,0xdd54d660178b28f6033a953b0e55073cfa7e3744,1,0.0001
Roller Coaster V2,https://testnets.opensea.io/assets/rinkeby/0x399cce8a452d5f2293550a35874985079c911823/10003,https://lh3.googleusercontent.com/B84MDIa7X8g4Q7KcbGa0KVYTvOWy9hNmaTybfNOIMY3pkbhA6xGdqirQRuGDWVoGF0BVMQ59T99qURDpblVLcnC2QCwlCjVpTZBs,0xdd54d660178b28f6033a953b0e55073cfa7e3744,1,0.4
NFTTutorial - E47SoC3dn7,https://testnets.opensea.io/assets/rinkeby/0xfa486a0e0e0970ac23a6eb2ca1ef306ff3ce51b2/6,https://lh3.googleusercontent.com/X2rGgOcM_7xjdGsTcpeK_B6P1WHX6JMrNb2oFxNMi9mvUzlxoyo4W_5h8GhyW1TWFCHZs5D2p3bhJ0FTocqvois0Ho9d1j_9Z_1mlQ,0xdd54d660178b28f6033a953b0e55073cfa7e3744,1,0.8
OPENSALE - 33O56KLX5M,https://testnets.opensea.io/assets/rinkeby/0xf59012f3bf852660215604c61da24d5a8472d87b/1648203197,https://lh3.googleusercontent.com/f36Alhp1dTTyLmQ3fhTvIZCAi2HTD7IXMTH2E-NGA3u-_wm0P6cAMSAHfUjKesqdl7IGZ3P2n0vea07N_rWD04rzZ7ssgaefuSSnqQ,0xdd54d660178b28f6033a953b0e55073cfa7e3744,2,0.002
RL,https://testnets.opensea.io/assets/rinkeby/0xea4db5b6a920743a5147df2d128676426441e859/2,https://lh3.googleusercontent.com/_9rAO8iET1VBNnJ6pYusa3w6RBV6a9G5TDQG7zhTyWEK_NvWI_gtZnHAvMBVx1LL_feI0yqVJ2WIkDAugTXWTGtFeS1R1SsrmFSnrw,0xdd54d660178b28f6033a953b0e55073cfa7e3744,2,0.02
NFTTutorial - E47SoC3dn7,https://testnets.opensea.io/assets/rinkeby/0xfa486a0e0e0970ac23a6eb2ca1ef306ff3ce51b2/6,https://lh3.googleusercontent.com/X2rGgOcM_7xjdGsTcpeK_B6P1WHX6JMrNb2oFxNMi9mvUzlxoyo4W_5h8GhyW1TWFCHZs5D2p3bhJ0FTocqvois0Ho9d1j_9Z_1mlQ,0xdd54d660178b28f6033a953b0e55073cfa7e3744,1,0.001
WrappedCompanion - oppIyq1zuT,https://testnets.opensea.io/assets/rinkeby/0x2ea85fd5cecfb4a47f193282c773b7482accd2de/2,https://lh3.googleusercontent.com/Gc9tRZT59XMU_qxix0eufxNWuqNJDW3QycYv6_ooFqgqn1UbRHGAbMu17tOytc_RxSSj6ohMBh5DmxhtoeetGFQj-VrZT0zUlZhTrQ,0xdd54d660178b28f6033a953b0e55073cfa7e3744,1,0.01
Eye Openers,https://testnets.opensea.io/assets/rinkeby/0x6b225805f16258b751ebf31df9b0881b924d25bd/2,https://lh3.googleusercontent.com/BHSRoEyatBHKdPHuPvB0PL1AnmOCexsPpU_keGMzpRfWrK4dcbkxfmUQfCLG2MWsX8lEYl6Lq0l7OUX6D8SWGcJ2n3K6efFCbYS9Mg,0xdd54d660178b28f6033a953b0e55073cfa7e3744,2,0.04
Unidentified contract - 82p0PFOMkJ,https://testnets.opensea.io/assets/rinkeby/0x88b48f654c30e99bc2e4a1559b4dcf1ad93fa656/90656231842468439281161448735932770077009232919164812505539438513409371406337,https://lh3.googleusercontent.com/qHKJiOgkKyE2bccp3rDPK3LEg6NbOL3Ud3UsIt4G2L5mHkwNB_zIWKPD815jtpO4f_NsLP1NWzTCUh_4CGfF8jp42hm1m4G-YgjV,0xdd54d660178b28f6033a953b0e55073cfa7e3744,1,1e-06
Eye Openers,https://testnets.opensea.io/assets/rinkeby/0x6b225805f16258b751ebf31df9b0881b924d25bd/5,https://lh3.googleusercontent.com/T8QHDY7dYFQM_xRZfz3z-LOtw8ddxVwkM04X5W5IL1QEA5GPQW76-G6HF_J59btzt7-Hof0yzy8rRiGOhtctyVHZ4x5fwpiqSoAIvw,0xdd54d660178b28f6033a953b0e55073cfa7e3744,1,0.02
OPENSALE - 33O56KLX5M,https://testnets.opensea.io/assets/rinkeby/0xf59012f3bf852660215604c61da24d5a8472d87b/1648203197,https://lh3.googleusercontent.com/f36Alhp1dTTyLmQ3fhTvIZCAi2HTD7IXMTH2E-NGA3u-_wm0P6cAMSAHfUjKesqdl7IGZ3P2n0vea07N_rWD04rzZ7ssgaefuSSnqQ,0xdd54d660178b28f6033a953b0e55073cfa7e3744,5,0.0005
Trex Big JJ NFT,https://testnets.opensea.io/assets/rinkeby/0x2c5fc3dfe3972ea004ca4e1a574e97174e9cc436/1,https://lh3.googleusercontent.com/oks4UwE_HmhBA3u2VGhDKxF95TUNeFSZSyo6uMnMF22X_eaXOlUf4fhLF9-50AFR0g45qVyuVt76sibHglBNbK17,0xdd54d660178b28f6033a953b0e55073cfa7e3744,1,0.4
OPENSALE - 33O56KLX5M,https://testnets.opensea.io/assets/rinkeby/0xf59012f3bf852660215604c61da24d5a8472d87b/1648203197,https://lh3.googleusercontent.com/f36Alhp1dTTyLmQ3fhTvIZCAi2HTD7IXMTH2E-NGA3u-_wm0P6cAMSAHfUjKesqdl7IGZ3P2n0vea07N_rWD04rzZ7ssgaefuSSnqQ,0xdd54d660178b28f6033a953b0e55073cfa7e3744,5,0.0005
FAKE MEKAVERSE V2,https://testnets.opensea.io/assets/rinkeby/0x4ccb7324b38686b47a6bb6a186b3ae1ca12f65ed/700,https://lh3.googleusercontent.com/rff2xxIvalISQZb-6akwe-H7LWBFVPuzq8KkBPecKIGXDZIbwPGANFmUgEIqiVy-afpAuwZhAWaEIi2gxZu_yJ_6BGNjjHbtmntCItQ,0xdd54d660178b28f6033a953b0e55073cfa7e3744,1,1e-05
SquidMarbles - GHdyxj5EyL,https://testnets.opensea.io/assets/rinkeby/0x7e9ffc6db7d3fe90393978943c2ce05593b5feb3/18,https://lh3.googleusercontent.com/ZUOTQ0Ih4IWlREqERCcRbfvDrScNwyJ3KQBD6mKaweYc9UHbNnhiQyNeA9yvcQ88CqV6LaDdDlkAcr-g-MR6fhoG8KQmau7AmYoLwA,0xdd54d660178b28f6033a953b0e55073cfa7e3744,1,0.009
Trex Big JJ NFT,https://testnets.opensea.io/assets/rinkeby/0x2c5fc3dfe3972ea004ca4e1a574e97174e9cc436/1,https://lh3.googleusercontent.com/oks4UwE_HmhBA3u2VGhDKxF95TUNeFSZSyo6uMnMF22X_eaXOlUf4fhLF9-50AFR0g45qVyuVt76sibHglBNbK17,0xdd54d660178b28f6033a953b0e55073cfa7e3744,1,0.3
NFTTutorial - E47SoC3dn7,https://testnets.opensea.io/assets/rinkeby/0xfa486a0e0e0970ac23a6eb2ca1ef306ff3ce51b2/4,https://lh3.googleusercontent.com/V3eKZq_dikuRZE_CTaCiF8xfy_tHwUHYcE2gUkuCZe8k7bB6c4c03vR3Ty8X9dC8i9jgugTBOjmpsEAtKyFS7V9xW0Hp7bO0-7_GZQ,0xdd54d660178b28f6033a953b0e55073cfa7e3744,1,0.1
Tennis Champs Genesis Sale Test,https://testnets.opensea.io/assets/rinkeby/0xa1704ba88defa0926cff7a9d447943e115e7b15f/0,https://lh3.googleusercontent.com/kCdgK6cqL-9M1cUs1O9RTZBUkJe5kAFjgZV08NLFvuExuRaB9dO8Ls84riHnIz9H9lS6iWE1W1P5TQTnbKrzRGgaES_NU55Tyda4,0xdd54d660178b28f6033a953b0e55073cfa7e3744,1,0.079
NFTTutorial - E47SoC3dn7,https://testnets.opensea.io/assets/rinkeby/0xfa486a0e0e0970ac23a6eb2ca1ef306ff3ce51b2/5,https://lh3.googleusercontent.com/I5HBHzVxNtbvDgqBg5KfMnsYGUUCX7qedzXAZ5i5Z1PVnjC5uSreySHHEz3ObURrDOlfwUgq4LLEmPvV6sYnGeWIyh85sd_Y9wTgtQ,0xdd54d660178b28f6033a953b0e55073cfa7e3744,1,0.4222
FERAL x ICONIC WAVES test,https://testnets.opensea.io/assets/rinkeby/0x88b48f654c30e99bc2e4a1559b4dcf1ad93fa656/26742613619316889441439537954339326139351697340822207342763123773911848714241,https://lh3.googleusercontent.com/ayIcnvCIdFaZbOlNUFfF01Kz0oYSX3O7clbyWG10S18hbwBI8HmJZhu1NVH1F3bg_nhINQh2r5Xu3B3e963FcPW16AOt7Q2OCu9B,0xdd54d660178b28f6033a953b0e55073cfa7e3744,1,0.03
NFTTutorial - E47SoC3dn7,https://testnets.opensea.io/assets/rinkeby/0xfa486a0e0e0970ac23a6eb2ca1ef306ff3ce51b2/8,https://lh3.googleusercontent.com/gGwstn1moKYfpAQDwuPHSenowdrxaQsSUXnXWFERqsiyXgNTl6oX4J5zom5IkoKv88pVplTM1L7dleeHW4GttqV9j41izNYJoP5zqQ,0xdd54d660178b28f6033a953b0e55073cfa7e3744,1,0.44
OPENSALE V4,https://testnets.opensea.io/assets/rinkeby/0xc0f3ab42c52edc7f97c88c2cb2b63cddb99704d7/1648202060,https://lh3.googleusercontent.com/wP9DfScnPLSNEsssLQCbSPQYSEvpsAKgpnfqRhtRp_o0KHNQJrVDtLzvrL1mzIU9ZV31lS-118nyCtDg_SmH212Rb7cAV_Q0UgM1UQ,0xdd54d660178b28f6033a953b0e55073cfa7e3744,1,0.001
Test - 07BRZ51Riz - OLD,https://testnets.opensea.io/assets/rinkeby/0x7a2f1a53b79ed859aba1a7999a47eef606a9164b/7,,0xdd54d660178b28f6033a953b0e55073cfa7e3744,1,0.002
NFTTutorial - E47SoC3dn7,https://testnets.opensea.io/assets/rinkeby/0xfa486a0e0e0970ac23a6eb2ca1ef306ff3ce51b2/8,https://lh3.googleusercontent.com/gGwstn1moKYfpAQDwuPHSenowdrxaQsSUXnXWFERqsiyXgNTl6oX4J5zom5IkoKv88pVplTM1L7dleeHW4GttqV9j41izNYJoP5zqQ,0xdd54d660178b28f6033a953b0e55073cfa7e3744,1,0.02
NFTTutorial - E47SoC3dn7,https://testnets.opensea.io/assets/rinkeby/0xfa486a0e0e0970ac23a6eb2ca1ef306ff3ce51b2/4,https://lh3.googleusercontent.com/V3eKZq_dikuRZE_CTaCiF8xfy_tHwUHYcE2gUkuCZe8k7bB6c4c03vR3Ty8X9dC8i9jgugTBOjmpsEAtKyFS7V9xW0Hp7bO0-7_GZQ,0xdd54d660178b28f6033a953b0e55073cfa7e3744,1,0.01
Ashleeee Collection,https://testnets.opensea.io/assets/rinkeby/0x88b48f654c30e99bc2e4a1559b4dcf1ad93fa656/101466743193727246048679398331265151213971577789986264617815795007189717876737,https://lh3.googleusercontent.com/4blY7vOAQM7SxTmLipiZjm1HEYJjG3DulOEmGgoB9jnZ_z_EeaTwvdnAtfvQb3CrCqrgoe4vSTj05oTElOi8eU1CK-raoWkOyxGTFcs,0xdd54d660178b28f6033a953b0e55073cfa7e3744,1,0.5
Rarible - ihV86DGzkL,https://testnets.opensea.io/assets/rinkeby/0x6ede7f3c26975aad32a475e1021d8f6f39c89d82/18661571940073987827662103527955627190048515004732602540856362757661044769276,https://lh3.googleusercontent.com/dm_W-vpNVEkXpiyq2ThzRl3huwiF0YLhzLSL59gu7eg_dK1Rekq1ORjo0qVO9nXd7Y7y8KCcM5KOPe4niP2UY23NxEHw-pFxGKnnIw,0xdd54d660178b28f6033a953b0e55073cfa7e3744,1,0.1
NFTTutorial - E47SoC3dn7,https://testnets.opensea.io/assets/rinkeby/0xfa486a0e0e0970ac23a6eb2ca1ef306ff3ce51b2/3,https://lh3.googleusercontent.com/ujDI7akXhwDWfNlMfX_aCCHpREe_smdSbjE_CjJ8nCAFwgNVMbLUQNuKOL4ZDW9hi-ESsjfmwkJFsv2vYvcRxrxA-t8-lt4LHOTp9jc,0xdd54d660178b28f6033a953b0e55073cfa7e3744,1,0.02
Ashleeee Collection,https://testnets.opensea.io/assets/rinkeby/0x88b48f654c30e99bc2e4a1559b4dcf1ad93fa656/101466743193727246048679398331265151213971577789986264617815795007189717876737,https://lh3.googleusercontent.com/4blY7vOAQM7SxTmLipiZjm1HEYJjG3DulOEmGgoB9jnZ_z_EeaTwvdnAtfvQb3CrCqrgoe4vSTj05oTElOi8eU1CK-raoWkOyxGTFcs,0xdd54d660178b28f6033a953b0e55073cfa7e3744,1,0.3
Ashleeee Collection,https://testnets.opensea.io/assets/rinkeby/0x88b48f654c30e99bc2e4a1559b4dcf1ad93fa656/101466743193727246048679398331265151213971577789986264617815795007189717876737,https://lh3.googleusercontent.com/4blY7vOAQM7SxTmLipiZjm1HEYJjG3DulOEmGgoB9jnZ_z_EeaTwvdnAtfvQb3CrCqrgoe4vSTj05oTElOi8eU1CK-raoWkOyxGTFcs,0xdd54d660178b28f6033a953b0e55073cfa7e3744,1,0.2
Ashleeee Collection,https://testnets.opensea.io/assets/rinkeby/0x88b48f654c30e99bc2e4a1559b4dcf1ad93fa656/101466743193727246048679398331265151213971577789986264617815795007189717876737,https://lh3.googleusercontent.com/4blY7vOAQM7SxTmLipiZjm1HEYJjG3DulOEmGgoB9jnZ_z_EeaTwvdnAtfvQb3CrCqrgoe4vSTj05oTElOi8eU1CK-raoWkOyxGTFcs,0xdd54d660178b28f6033a953b0e55073cfa7e3744,1,0.1
mcggirl v1,https://testnets.opensea.io/assets/rinkeby/0x000a3c5f2d14f6ef5dfc5023894bcd6cf45d27d6/14,https://lh3.googleusercontent.com/h8dzAYrVffm06qX4YBGU-9221WsgrhDY6PjR8ouUvBXO-_zzrpiU0QzKAAZJoU3TN1YA-NlFezk3CvWsvpKXeeIn6sg7W6sR0eN-3g,0xdd54d660178b28f6033a953b0e55073cfa7e3744,1,0.1
MultiFaucet NFT - q55YxxItOz,https://testnets.opensea.io/assets/rinkeby/0xf5de760f2e916647fd766b4ad9e85ff943ce3a2b/374081,https://lh3.googleusercontent.com/jDFIJBe7q7oE208GMI0gRWX8sNhw2apWX9vdsG_fBwVxy1A9nuA09azjOpFL1LRUFlN53tmkObnyjNyhcF1yTd02JOJh7hIpfrS_,0xdd54d660178b28f6033a953b0e55073cfa7e3744,1,1.0
BTWoodpecker,https://testnets.opensea.io/assets/rinkeby/0x4ac2f6997f4af29798e5e8feb1f19f1d6e367d7c/10,https://lh3.googleusercontent.com/t-i-1K4w9SvHz5iuT-Umco1xHq7H1rc47QkKJ8ieI2ttO1GaeMo-HImMN9V_epTwk6lzKwVHf8YN4i4lRAt9InvKpjr6cGptHwCOP0o,0xdd54d660178b28f6033a953b0e55073cfa7e3744,1,0.4
Milage trade center V2,https://testnets.opensea.io/assets/rinkeby/0x2cad7b7618911e62cc901ee08f464d69b4aa258c/1648200998,https://lh3.googleusercontent.com/N6t2PGt7aET9760_vd0BCEx3qEG62vpKayDskJkuV2AP_TUAwYELxjuV_OosBRFz0GNpGhYMs6xerCC1I7daGo9gjwD_atI3W4fxnQ,0xdd54d660178b28f6033a953b0e55073cfa7e3744,1,0.0001
mcggirl v1,https://testnets.opensea.io/assets/rinkeby/0x000a3c5f2d14f6ef5dfc5023894bcd6cf45d27d6/5,https://lh3.googleusercontent.com/itw8Jqnw4nZLw5RJMDy2fg1VuR4mYUVci33kfePUtUrgLynYDK7_o9_XfICzd7FsM4JRv-EokliEWcRONppcWsiacIvG3uDoaBcbrg,0xdd54d660178b28f6033a953b0e55073cfa7e3744,1,0.1
Untitled Collection #5130056,https://testnets.opensea.io/assets/rinkeby/0x88b48f654c30e99bc2e4a1559b4dcf1ad93fa656/90000722666113119111806414392839913085394825957434186630663355241023179587585,https://lh3.googleusercontent.com/QIrF4ozOVUETsRfaIsnGxET-m0QF_Bmh-HBz4x_1HhaiZNfQLYYvGLzw_zDy6hMDGvt_1_bHUOJkJFz6WVh2_JiXGuk8coMhSQOe,0xdd54d660178b28f6033a953b0e55073cfa7e3744,1,0.0001
Untitled Collection #5235347,https://testnets.opensea.io/assets/rinkeby/0x88b48f654c30e99bc2e4a1559b4dcf1ad93fa656/71269245656397523330517296403164403161598686474691277344170445980486651084801,https://lh3.googleusercontent.com/SAlJtai5pqCJ5H88hdyI3OhKfqD7yZtUTtIjTgddEMKI-bycwRpsUPKc4WTGFy0QeRzGLqs6fvK6G35seKApYPMItQpWfRY65XUr,0xdd54d660178b28f6033a953b0e55073cfa7e3744,1,0.1
NFTTutorial - E47SoC3dn7,https://testnets.opensea.io/assets/rinkeby/0xfa486a0e0e0970ac23a6eb2ca1ef306ff3ce51b2/3,https://lh3.googleusercontent.com/ujDI7akXhwDWfNlMfX_aCCHpREe_smdSbjE_CjJ8nCAFwgNVMbLUQNuKOL4ZDW9hi-ESsjfmwkJFsv2vYvcRxrxA-t8-lt4LHOTp9jc,0xdd54d660178b28f6033a953b0e55073cfa7e3744,1,0.01
Milage trade center,https://testnets.opensea.io/assets/rinkeby/0x65e5973c85a2eae79e0bb7e43fcd7d0948fcb2d2/1648197168,,0xdd54d660178b28f6033a953b0e55073cfa7e3744,2,0.02
Untitled Collection #2280403,https://testnets.opensea.io/assets/rinkeby/0x88b48f654c30e99bc2e4a1559b4dcf1ad93fa656/23305442330529781839953758683924631797561080758095083098278997785061974081537,https://lh3.googleusercontent.com/V_8_-OlibhAhwv-etNH2gcsKPwn1H80Rlyh3gfXdHmtfIHcE2TDxNoR7mic44B_r73jsuztGSeocIXAzVaZM7tfhtmnc4kD1s-_xiPs,0xdd54d660178b28f6033a953b0e55073cfa7e3744,1,0.001
Untitled Collection #2274156,https://testnets.opensea.io/assets/rinkeby/0x88b48f654c30e99bc2e4a1559b4dcf1ad93fa656/10900121686949795595178778313171144183865748902594639200479890498483933675521,https://lh3.googleusercontent.com/1BaQ0KNKGKvLWkT4I1dAVsfWiVA6KMsnlWcZoo1YSPU79wdEkmyiiYSxEpX68OlnEmX-OBvVm7jczKOeOvd5dv0TNqTA_y124vfnOw,0xdd54d660178b28f6033a953b0e55073cfa7e3744,1,0.01
NFTTutorial - E47SoC3dn7,https://testnets.opensea.io/assets/rinkeby/0xfa486a0e0e0970ac23a6eb2ca1ef306ff3ce51b2/1,https://lh3.googleusercontent.com/8CAamdfv_8ypJDq_LuEYO97QZZyCTShsuIntT4UWlQ3KETueWNVRe6TPci7SJm3f6PmndUg3Ee2LS4XN5UjieJDS7xQlhuo0bJVK4g,0xdd54d660178b28f6033a953b0e55073cfa7e3744,1,0.01
Untitled Collection #5130056,https://testnets.opensea.io/assets/rinkeby/0x88b48f654c30e99bc2e4a1559b4dcf1ad93fa656/90000722666113119111806414392839913085394825957434186630663355241023179587585,https://lh3.googleusercontent.com/QIrF4ozOVUETsRfaIsnGxET-m0QF_Bmh-HBz4x_1HhaiZNfQLYYvGLzw_zDy6hMDGvt_1_bHUOJkJFz6WVh2_JiXGuk8coMhSQOe,0xdd54d660178b28f6033a953b0e55073cfa7e3744,1,0.0001
Muka Batik NFT Collection,https://testnets.opensea.io/assets/rinkeby/0x2fdab71c9167ea852ea4fceff4eeb67b6a7ccf45/0,https://lh3.googleusercontent.com/XGZpivIsjYhgFqSqWtEyEWALPwT3ho9_AMXKrcFAq5F_ntok8qwF-3hdQayID8Q3mgX-o3__2qnS455hi7cy2jvnOWJNey1cy977EA,0xdd54d660178b28f6033a953b0e55073cfa7e3744,1,0.01
OPENSALE V4,https://testnets.opensea.io/assets/rinkeby/0xc0f3ab42c52edc7f97c88c2cb2b63cddb99704d7/1648188207,https://lh3.googleusercontent.com/3Y3DLm7JsYAz4CZ0CA3CrBxV44iZPBzcA0ZSMabtZPgwbp3REcPEycAISJ5Ry2gMH53L8npNkR1PRanzGeZI66UULtvzmmOIkHLJdtk,0xdd54d660178b28f6033a953b0e55073cfa7e3744,1,0.0001
Untitled Collection #5130056,https://testnets.opensea.io/assets/rinkeby/0x88b48f654c30e99bc2e4a1559b4dcf1ad93fa656/90000722666113119111806414392839913085394825957434186630663355241023179587585,https://lh3.googleusercontent.com/QIrF4ozOVUETsRfaIsnGxET-m0QF_Bmh-HBz4x_1HhaiZNfQLYYvGLzw_zDy6hMDGvt_1_bHUOJkJFz6WVh2_JiXGuk8coMhSQOe,0xdd54d660178b28f6033a953b0e55073cfa7e3744,1,0.0001
Psycho Cat Club,https://testnets.opensea.io/assets/rinkeby/0x19d1639d9a6b3fc485cc1e96f661b9061e518434/4,https://lh3.googleusercontent.com/5xikIlVXtryLEQ9hWKgCTe_2vzqWm2qxhgsGHPRXkl6okAthE8knC3xnXUflcOZIS8sDBFwxBDLTYZEyv8QD-S3NuIRGhWrcDOoG6w8,0xdd54d660178b28f6033a953b0e55073cfa7e3744,1,0.0175
Traveloggers V4,https://testnets.opensea.io/assets/rinkeby/0xae89d81ab5c668661200fa9c6ed45fe1707f7097/520,https://lh3.googleusercontent.com/sXiBkLrqWs6GAHd--198OfevdoC-ujOG4bHuroDGbbX2OAdmJmoMbyyKaojJrv6-gLLYfFXBuq8qt99-u3BA5-W1IXSRlQ51_Lz6uA,0xdd54d660178b28f6033a953b0e55073cfa7e3744,1,0.01
MyNFT - WZJPis6L4l,https://testnets.opensea.io/assets/rinkeby/0x3e60b9c5ec23a1b285dff17eb7aa44e64ccbe4f7/9,https://lh3.googleusercontent.com/MyskSswc7pu7RUbiyY_oct2EQRerLR1lDzxt9lbCnw6XA-XgSFM4ANkU3x9EHJwoOocZIFSzCIY61Eoqr063qvJM6BkPP_oYchQKBw,0xdd54d660178b28f6033a953b0e55073cfa7e3744,1,0.001
Here is my great collection :),https://testnets.opensea.io/assets/rinkeby/0xbcbb4e33e22f22a0e5b4969605501da968317cf1/63,,0xdd54d660178b28f6033a953b0e55073cfa7e3744,1,0.001
MyNFT - 7hR1KYsyyi,https://testnets.opensea.io/assets/rinkeby/0xf3f84db85b41ded77ca60083fc965faa598ae3ac/1,https://lh3.googleusercontent.com/OJq8G7UKsiFjBJYMSvQs3osifEADmvEV_VPR90AWs6QugKFUWY9q5sXHzSY4WGcSFSyveWJF6ExZbjKa89jCcqp04vxDG0Wum9HuHg,0xdd54d660178b28f6033a953b0e55073cfa7e3744,1,0.0001
Azuki - BNnaXu4TBd,https://testnets.opensea.io/assets/rinkeby/0xe2019573e93770a00e2ad25679534fd97fa4b98f/0,https://lh3.googleusercontent.com/V17secB9k_86llHLYo7iVcqtoooSKlG84PGArlKaTsjebGhus9HxjlmawfTDMxeS4fk54Bl9OMF08O_rJtyPklnWmvu4xJtA77U5Ag,0xdd54d660178b28f6033a953b0e55073cfa7e3744,1,1e-06
Untitled Collection #5797470,https://testnets.opensea.io/assets/rinkeby/0x88b48f654c30e99bc2e4a1559b4dcf1ad93fa656/6999444496633838856884708028361110409687348013459580101811603186898815680513,https://lh3.googleusercontent.com/AXsoKq9Alm-hTNcncwWolvVYd-AVCSZkB2AzTg2rKbPgUM7oTR9kiiUoM24aeCm8leH50K9kBqEkPOq4lF8DKTLFcawzD_iJQ9ixOJM,0xdd54d660178b28f6033a953b0e55073cfa7e3744,1,0.002
Azuki God,https://testnets.opensea.io/assets/rinkeby/0xb74bf94049d2c01f8805b8b15db0909168cabf46/364,https://lh3.googleusercontent.com/1zmH9CFD3uDU3wfomnWcB56mhjoi8dlM5qLW1nxCprM5uix0NtYCYtlG_xVlKzFbRsQP8118nmzbl73XRKq-tKpY-jxlG944eoIu,0xdd54d660178b28f6033a953b0e55073cfa7e3744,1,0.8
MyNFT - 7hR1KYsyyi,https://testnets.opensea.io/assets/rinkeby/0xf3f84db85b41ded77ca60083fc965faa598ae3ac/3,https://lh3.googleusercontent.com/BZfXM1MZQ0iwzLO14MtGiCTw2HtryWCa7goTGAxFF3nlcvKhIMtKa_kN8xvQoHr7RYF83Dikj9p25JfAnBPAO2yh615Cifg413FC,0xdd54d660178b28f6033a953b0e55073cfa7e3744,1,0.001
Cubby Slimes,https://testnets.opensea.io/assets/rinkeby/0x0cd6787528af1e9ea3401635d54153e1eebc7962/2,https://lh3.googleusercontent.com/ILZhk9Uix7vDFPrIbN1QR59alrMUMkSbwERgJF8LkMf8Th5Md7dgPiLmYhSP8BcP9djSoNXRkLk3oqdyNe-22afKgeomW_Ai6bLRdg,0xdd54d660178b28f6033a953b0e55073cfa7e3744,1,0.01
NFT Jacky Meta V4,https://testnets.opensea.io/assets/rinkeby/0xb1d3da77539bae4f403c21324e7a0e0b5d967ef0/5,,0xdd54d660178b28f6033a953b0e55073cfa7e3744,1,0.1
SquidMarbles - GHdyxj5EyL,https://testnets.opensea.io/assets/rinkeby/0x7e9ffc6db7d3fe90393978943c2ce05593b5feb3/17,https://lh3.googleusercontent.com/ZUOTQ0Ih4IWlREqERCcRbfvDrScNwyJ3KQBD6mKaweYc9UHbNnhiQyNeA9yvcQ88CqV6LaDdDlkAcr-g-MR6fhoG8KQmau7AmYoLwA,0xdd54d660178b28f6033a953b0e55073cfa7e3744,1,0.006
Milage trade center,https://testnets.opensea.io/assets/rinkeby/0x65e5973c85a2eae79e0bb7e43fcd7d0948fcb2d2/1648197168,,0xdd54d660178b28f6033a953b0e55073cfa7e3744,5,0.05
RL,https://testnets.opensea.io/assets/rinkeby/0xea4db5b6a920743a5147df2d128676426441e859/1,https://lh3.googleusercontent.com/mCNZ1WpX_D3HRTo2e43aqvirEb9HJNP-YtCpczxZmVPCrS6Y708N1FBZbpISrBD71pjKz1iiIa6aiXw0ug5UnuII-Sa9kRPVL-KEoA,0xdd54d660178b28f6033a953b0e55073cfa7e3744,4,0.2
Test Contract with royalty,https://testnets.opensea.io/assets/rinkeby/0xd5063c456c2460a14efa659cf83d98adea86f329/10,https://lh3.googleusercontent.com/e4HKYnm6fYy-LrxjsBuY8xdMaGwUST0UpzQTPeiSHyh85uwZEnOxTQ7x4eve9_YSnpf9yhXJ4O1cTnSF2NxHT-hkjsVYqzNlt6Zx_w,0xdd54d660178b28f6033a953b0e55073cfa7e3744,1,0.02464
Test Contract with royalty,https://testnets.opensea.io/assets/rinkeby/0xd5063c456c2460a14efa659cf83d98adea86f329/10,https://lh3.googleusercontent.com/e4HKYnm6fYy-LrxjsBuY8xdMaGwUST0UpzQTPeiSHyh85uwZEnOxTQ7x4eve9_YSnpf9yhXJ4O1cTnSF2NxHT-hkjsVYqzNlt6Zx_w,0xdd54d660178b28f6033a953b0e55073cfa7e3744,1,0.003
Test Contract with royalty,https://testnets.opensea.io/assets/rinkeby/0xd5063c456c2460a14efa659cf83d98adea86f329/10,https://lh3.googleusercontent.com/e4HKYnm6fYy-LrxjsBuY8xdMaGwUST0UpzQTPeiSHyh85uwZEnOxTQ7x4eve9_YSnpf9yhXJ4O1cTnSF2NxHT-hkjsVYqzNlt6Zx_w,0xdd54d660178b28f6033a953b0e55073cfa7e3744,1,0.02464
Azuki God,https://testnets.opensea.io/assets/rinkeby/0xb74bf94049d2c01f8805b8b15db0909168cabf46/371,https://lh3.googleusercontent.com/GNoAALPnbHZOvCDKpkZ8d4rmcqGGQAYdteu0B67Z3_34aUfyEBLyEj3eYsvgtxDdWHzLqooBv6kAt185EOcEI9fsTbapraIAwVHhsx4,0xdd54d660178b28f6033a953b0e55073cfa7e3744,1,1.0
test0324,https://testnets.opensea.io/assets/rinkeby/0x88b48f654c30e99bc2e4a1559b4dcf1ad93fa656/12873607525129561066030659080956582877207226867037694766794007990288221470721,https://lh3.googleusercontent.com/RDwOB46GW90OJMVVOmgfvttMWJCvweaVxsEEf6qHKjZFVqNFUbyyf1dCrOa0UPIFIUUkWLq20VTFPVGNYZzLRVu0YrPx5Dz2Y0K_,0xdd54d660178b28f6033a953b0e55073cfa7e3744,1,0.1
Test Contract with royalty,https://testnets.opensea.io/assets/rinkeby/0xd5063c456c2460a14efa659cf83d98adea86f329/10,https://lh3.googleusercontent.com/e4HKYnm6fYy-LrxjsBuY8xdMaGwUST0UpzQTPeiSHyh85uwZEnOxTQ7x4eve9_YSnpf9yhXJ4O1cTnSF2NxHT-hkjsVYqzNlt6Zx_w,0xdd54d660178b28f6033a953b0e55073cfa7e3744,1,0.004
flowers~,https://testnets.opensea.io/assets/rinkeby/0x88b48f654c30e99bc2e4a1559b4dcf1ad93fa656/57281959338625351598366559184853781470310405075672424628998554948759652925441,https://lh3.googleusercontent.com/RB6mOC6h1eDg2yXJ8kwXTkprJuD0V_kpAV7um0osb6FzeaQbFtpmx5FygPvRdI1-BTeC5EaSn8ModgEIbrg8cX-9axcjBglodZkaqQ,0xdd54d660178b28f6033a953b0e55073cfa7e3744,1,1e-06
Seven times,https://testnets.opensea.io/assets/rinkeby/0x88b48f654c30e99bc2e4a1559b4dcf1ad93fa656/44995102456803349197616948880587617257771615480271456391954802459443810271233,https://lh3.googleusercontent.com/89A1uzXWKeInUcTaa5El0huV0RfAz0W3sD81bUhzr-G3uj-fskTtNDzQl0Nu5pv0JSvOo2l7BVyMb-sJ9a8Ix_SPC-4GpUNj7QPOHA,0xdd54d660178b28f6033a953b0e55073cfa7e3744,1,0.001
MyMetaNotey - GxEIlS3Q0g,https://testnets.opensea.io/assets/rinkeby/0x243757e1511c2c46792f614696de85fae62dc8bf/10000077795920730209478237657138886277068816335135228321181129912289679520807,https://lh3.googleusercontent.com/_lt_pBtkhSY_xyGeKF_qN3CAObwBpGmx8yiTvhArvI4w84ihYTkhjymE5QSI-2Z1exuY_N9ZcuD-ci7nGxT87YStuWheSs5AlKKG,0xdd54d660178b28f6033a953b0e55073cfa7e3744,1,1e-05
SuperNerdNft V2,https://testnets.opensea.io/assets/rinkeby/0x5f3708b6adb6ed004ea51366a7ae6878f1bfbcf1/1,,0xdd54d660178b28f6033a953b0e55073cfa7e3744,1,0.2
CrazyBananaUnion,https://testnets.opensea.io/assets/rinkeby/0x447c404e915aa445a47d86a02bc0d8e0e94f3428/2,https://lh3.googleusercontent.com/9NY7Q1EwOdy_bSeYZ9KEmwsOudUguPdf8-WuHHp2MgYpUv97vaY9HLps863tIclgATHJYohIn_hYpTWZGJqgd54HJOgje6WzxWcz2CA,0xdd54d660178b28f6033a953b0e55073cfa7e3744,1,0.005
OPENSALE - 33O56KLX5M,https://testnets.opensea.io/assets/rinkeby/0xf59012f3bf852660215604c61da24d5a8472d87b/1648189989,https://lh3.googleusercontent.com/F1HOms1IzBqhDeMetFKXY9oH6pNmqry_L6lvrP1iwo_K4twmTO9_PBii-Tav6_f7zqVR1_2CSvkn3XZ2O9todehAAZdStnYJp4p9bg,0xdd54d660178b28f6033a953b0e55073cfa7e3744,20,0.002
Mes yeux pourpre,https://testnets.opensea.io/assets/rinkeby/0xd8d555e2ec642bb8769a9ab479f456b411627f78/6,https://lh3.googleusercontent.com/p4iVVjfyX6Whs2op01D18vs_BiWwhWcNHZn2Q0jHueSF68GR8TrqW2SXhmygZmXrwjTWUszt1YvfixVSTKI_2YurUU3O9Ub11HEhh6w,0xdd54d660178b28f6033a953b0e55073cfa7e3744,1,0.66
MyNFTs - 6Y4m32Cd4o,https://testnets.opensea.io/assets/baobab/0x3b85ef1549c34e47b7616da97804833618d40f9c/2,https://lh3.googleusercontent.com/JU-AMbkn2C_PR9jprPK-JEMc2gCEmdiHF02Xvw9kNuyQ9xRllD7JWx0wXQ-krxqOkeCCLrr_xmmaNUocDLwQe7BASe3pk7FQE4x_T3A,,1,1.0
Untitled Collection #7058160,https://testnets.opensea.io/assets/rinkeby/0x88b48f654c30e99bc2e4a1559b4dcf1ad93fa656/21964981925117616779153503520084568933104972370860077553210666123269033164801,https://lh3.googleusercontent.com/SUY28I447n-ecsq3eaSf3sXpf0YED3LRA--d96GfkxQI6KuDDI1WJNgIOGtfK9KLrdqMhst-i4GbhXB0tUh5_Jw_EAFjvu0WDMwoNa0,0xdd54d660178b28f6033a953b0e55073cfa7e3744,1,0.004
MyNFTs - Ch6okOcTnL,https://testnets.opensea.io/assets/baobab/0x76c2a547d4e55c1ac98e87c446a189ab7ac472f0/2,https://lh3.googleusercontent.com/JU-AMbkn2C_PR9jprPK-JEMc2gCEmdiHF02Xvw9kNuyQ9xRllD7JWx0wXQ-krxqOkeCCLrr_xmmaNUocDLwQe7BASe3pk7FQE4x_T3A,,1,99.0
Mes yeux pourpre,https://testnets.opensea.io/assets/rinkeby/0xd8d555e2ec642bb8769a9ab479f456b411627f78/6,https://lh3.googleusercontent.com/p4iVVjfyX6Whs2op01D18vs_BiWwhWcNHZn2Q0jHueSF68GR8TrqW2SXhmygZmXrwjTWUszt1YvfixVSTKI_2YurUU3O9Ub11HEhh6w,0xdd54d660178b28f6033a953b0e55073cfa7e3744,1,0.33
Creature - gCbtJnq23d,https://testnets.opensea.io/assets/rinkeby/0xdbb9ffd84af73fe66f4ec1becfcd1a666bc9403f/4,https://lh3.googleusercontent.com/URCDbMI_Rn1Iit-ELcQAMC7y9DCbf1NbnOu3zxZDcbn8d7kYgSAZKFRI9cvJWJMS3UwLY1kQhniU8kt-tuNzErQKOw,0xdd54d660178b28f6033a953b0e55073cfa7e3744,1,0.01
Unidentified contract - hyeUgKLpwz,https://testnets.opensea.io/assets/rinkeby/0xcefc3d1d83e5a95c9c8cb71efa2f02c3ad18d06f/0,https://lh3.googleusercontent.com/YuptV98M8zj0poeNdqWdTY30zO2K8pG_gzAzMFzVslvmFNV0TKyA83s4RhNuAbIgHJ6fusjP68Aom5s3soVRCG2F5aWu8nJnFH6n3xY,0xdd54d660178b28f6033a953b0e55073cfa7e3744,1,0.004
Creature - gCbtJnq23d,https://testnets.opensea.io/assets/rinkeby/0xdbb9ffd84af73fe66f4ec1becfcd1a666bc9403f/5,https://lh3.googleusercontent.com/nWHpv4oG8lrNct4egy_DZwc8f9KJe6nrRnDnYiFIF6oQCLcm-TkDDX13EHOUQESUiPnAiKNnDwtgN7DL9jyDkaV5,0xdd54d660178b28f6033a953b0e55073cfa7e3744,1,0.1
WIN NFT HORSE test,https://testnets.opensea.io/assets/rinkeby/0xe841c8fdc1152d7531a0ac4684ca397f5bcaee39/18,https://lh3.googleusercontent.com/qVTeVAymsIGGEpGqhZzzLgvyCOYy3szzWkBk8MTjT7GRxZQKoEazeeeAr2flNtXzI9so-RMMnIruQ-295YeiRipWB-Hf7hi4ZCYTyQ,0xdd54d660178b28f6033a953b0e55073cfa7e3744,1,0.01
LFT by Lupe Fiasco V2,https://testnets.opensea.io/assets/rinkeby/0xa59cb334feb8c47fc374ede2d3e8108f06fa28a9/1,https://lh3.googleusercontent.com/d4xHCMULfS_Tx4Zf3SMsKOy3gih1IKUqnQJvX4ycj_6fadwHU__ZxVAzkyxkUJfvLNI_1IjOTmkfT2yojfF4kpqPtd9avHfpJcn9BQ,0xdd54d660178b28f6033a953b0e55073cfa7e3744,1,0.01
Punk City,https://testnets.opensea.io/assets/rinkeby/0xccf1c8d0eccd8089dcf2081ecc99cd87363041a8/0,https://lh3.googleusercontent.com/9hj7EaDmk-HAfFDzQMJBK8PE0h9RFlCU_scVpirTSwCTB6ifsXk5wLOgXcRxbxN6V8UAe0beuZljK0TOcte9YNaxThB4mCovwQ2F,0xdd54d660178b28f6033a953b0e55073cfa7e3744,1,0.0005
Unidentified contract - hyeUgKLpwz,https://testnets.opensea.io/assets/rinkeby/0xcefc3d1d83e5a95c9c8cb71efa2f02c3ad18d06f/1,https://lh3.googleusercontent.com/DfNslqkG2dvziXUY8APC6mBbVo6GBK6nprMOckgsKofScotE8VJGcDuharAYaelBWT8-82cjxwZWfmzL7ISxvV8APVCH-Wvhyrqe,0xdd54d660178b28f6033a953b0e55073cfa7e3744,1,0.01
Mes yeux pourpre,https://testnets.opensea.io/assets/rinkeby/0xd8d555e2ec642bb8769a9ab479f456b411627f78/17,https://lh3.googleusercontent.com/eWRsnlXOPRzBsDu_zwJwDgux75byzpIDnGF4hOL7Uhvf_XApgf-Dwei1ZF_zckPiKgQuVqx921kBpp7jave0-QdraCqNHXVFX-W0Lw,0xdd54d660178b28f6033a953b0e55073cfa7e3744,1,0.002
MyNFTs - xDadRbZOFV,https://testnets.opensea.io/assets/rinkeby/0x7e27783bf16a2959183c0138b30603a5d0862087/1,https://lh3.googleusercontent.com/JU-AMbkn2C_PR9jprPK-JEMc2gCEmdiHF02Xvw9kNuyQ9xRllD7JWx0wXQ-krxqOkeCCLrr_xmmaNUocDLwQe7BASe3pk7FQE4x_T3A,0xdd54d660178b28f6033a953b0e55073cfa7e3744,1,0.05
Mes yeux pourpre,https://testnets.opensea.io/assets/rinkeby/0xd8d555e2ec642bb8769a9ab479f456b411627f78/6,https://lh3.googleusercontent.com/p4iVVjfyX6Whs2op01D18vs_BiWwhWcNHZn2Q0jHueSF68GR8TrqW2SXhmygZmXrwjTWUszt1YvfixVSTKI_2YurUU3O9Ub11HEhh6w,0xdd54d660178b28f6033a953b0e55073cfa7e3744,1,0.006
MultiFaucet NFT - q55YxxItOz,https://testnets.opensea.io/assets/rinkeby/0xf5de760f2e916647fd766b4ad9e85ff943ce3a2b/374082,https://lh3.googleusercontent.com/jDFIJBe7q7oE208GMI0gRWX8sNhw2apWX9vdsG_fBwVxy1A9nuA09azjOpFL1LRUFlN53tmkObnyjNyhcF1yTd02JOJh7hIpfrS_,0xdd54d660178b28f6033a953b0e55073cfa7e3744,1,0.1
Creature - gCbtJnq23d,https://testnets.opensea.io/assets/rinkeby/0xdbb9ffd84af73fe66f4ec1becfcd1a666bc9403f/6,https://lh3.googleusercontent.com/G5r0hEVH2-mwEhM06zvz-UBoHVmbIoRP4pz2szASwqdVXyYEmFDERP90IGzsk6vEpNmZh7YUajpf9TKYjOsNfS9p,0xdd54d660178b28f6033a953b0e55073cfa7e3744,1,0.01
Test Stake Tis Dino,https://testnets.opensea.io/assets/rinkeby/0xcc14dd8e6673fee203366115d3f9240b079a4930/1542,https://lh3.googleusercontent.com/OndPvaAok5C3KjjWddYKmHBEA2A7NjAFO8pBnJKJZRzg8cGyQ7Jfz9gbatxWrCV-CK-R06KxQ06ePLusYpmMk-sne8Sy5_OwyMqhfg,0xdd54d660178b28f6033a953b0e55073cfa7e3744,1,2.0
Creature - gCbtJnq23d,https://testnets.opensea.io/assets/rinkeby/0xdbb9ffd84af73fe66f4ec1becfcd1a666bc9403f/7,https://lh3.googleusercontent.com/A3weoQA2jHEEFZe013d4khQWoE5BNApQAh-Hc9Knbl4OlE4gd5ywEpUMPdvtKOJ1Jn3r4b2lOlrR4fzgEFwknBZ2XA,0xdd54d660178b28f6033a953b0e55073cfa7e3744,1,0.1
test clover 3,https://testnets.opensea.io/assets/rinkeby/0x88b48f654c30e99bc2e4a1559b4dcf1ad93fa656/49434172399454009108483011846501791299711917127973702983090324151387887239169,https://lh3.googleusercontent.com/eOYWs3RIDxTuMP4Lz-sbzuXb5yeq6ShBw5p9tVG2WMPNLgDWM9tZbMONSgQ5GXAIhq0xaKY2NN_Dl4pu0DoSd9p896beSaPjgx1G,0xdd54d660178b28f6033a953b0e55073cfa7e3744,1,0.9858344033036055
Test Stake Tis Dino,https://testnets.opensea.io/assets/rinkeby/0xcc14dd8e6673fee203366115d3f9240b079a4930/1542,https://lh3.googleusercontent.com/OndPvaAok5C3KjjWddYKmHBEA2A7NjAFO8pBnJKJZRzg8cGyQ7Jfz9gbatxWrCV-CK-R06KxQ06ePLusYpmMk-sne8Sy5_OwyMqhfg,0xdd54d660178b28f6033a953b0e55073cfa7e3744,1,2.0
FAKE MEKAVERSE V2,https://testnets.opensea.io/assets/rinkeby/0x4ccb7324b38686b47a6bb6a186b3ae1ca12f65ed/694,https://lh3.googleusercontent.com/U854QkU3XlX4pcBUqOAhkstIQdu7x6XmmOfPHyq4DiJEK-oMBe2kiBnB9BcYZ--ozneV0rhnQx7bP7IKbLIVdVCLDkEe_pRMiLdC-A,0xdd54d660178b28f6033a953b0e55073cfa7e3744,1,1e-05
Digital Landowners Society - dyE7CDFfBd,https://testnets.opensea.io/assets/rinkeby/0xea8b08fdf5865b16cea49cbfc20bc8bf64da6e97/1072,https://lh3.googleusercontent.com/XcaGI4ZZMeFpLp0wNRkGa3uXxHaGY1-MlDDRvr4Q6WnZwFFHRavNrQIQy7Tt-bpRxyEizvafeQ8wwD7bixavJoRRTqexGbCWm7O-BMI,0xdd54d660178b28f6033a953b0e55073cfa7e3744,1,0.05
FAKE MEKAVERSE V2,https://testnets.opensea.io/assets/rinkeby/0x4ccb7324b38686b47a6bb6a186b3ae1ca12f65ed/723,https://lh3.googleusercontent.com/NSz9FI5eW9ciBu-okuLtG1w5wE61hiSASsnA_-u_eZb6668tfNbLg8caUGdPTzQXxdLfwUyZipfSde5rqdj0YHHkiswvzBn0m7BN,0xdd54d660178b28f6033a953b0e55073cfa7e3744,1,1e-05
Milage trade center,https://testnets.opensea.io/assets/rinkeby/0x65e5973c85a2eae79e0bb7e43fcd7d0948fcb2d2/1648190428,https://lh3.googleusercontent.com/B7Rx87uQj_mOxKBEj19-4uPst7nZiZNr_IvugCVLkAdSZu4Ao9y8e8Udpba5B16FcKN5V5ulPbTQtinecT7WYVOFL-vGcCrr0Oujcw,0xdd54d660178b28f6033a953b0e55073cfa7e3744,5,0.05
MyNFTs - Ch6okOcTnL,https://testnets.opensea.io/assets/baobab/0x76c2a547d4e55c1ac98e87c446a189ab7ac472f0/2,https://lh3.googleusercontent.com/JU-AMbkn2C_PR9jprPK-JEMc2gCEmdiHF02Xvw9kNuyQ9xRllD7JWx0wXQ-krxqOkeCCLrr_xmmaNUocDLwQe7BASe3pk7FQE4x_T3A,,1,0.7
FAKE MEKAVERSE V2,https://testnets.opensea.io/assets/rinkeby/0x4ccb7324b38686b47a6bb6a186b3ae1ca12f65ed/738,https://lh3.googleusercontent.com/yNa9-_o1S9DimqnvZWP2H4eFFemwzM9bF7XBYpEVyaHquoSmvVd3HQY7BDKIBnQvxZCsDkaiSEf-xquc96jXlGqaXxu6hKfB7xK2,0xdd54d660178b28f6033a953b0e55073cfa7e3744,1,1e-05
Hero-NFT - E7P2J1U3lP,https://testnets.opensea.io/assets/rinkeby/0x3bf9ba874f8d90fb67c9bb2183afebdf34bdbe2d/50501,https://lh3.googleusercontent.com/UFJq_rQhSsU5L72_SnRaqsmGyYVe0py9C5xnw811OCIAhZFnbxm46dnAaKRthbnk6ipCEfyGhPyRhn4-Z2vr7O28qVda-TM7lsX4OMc,0xdd54d660178b28f6033a953b0e55073cfa7e3744,1,1.0
Test Contract with royalty,https://testnets.opensea.io/assets/rinkeby/0xd5063c456c2460a14efa659cf83d98adea86f329/3,https://lh3.googleusercontent.com/gCQaJuITyY-xNemG8mpTgcmbhkvCPfde15poU2xvtdT3i5fadEbBDzB9pvecuBifA2dSvugyS57DascDcGX1Gd26eRNSvEIZ3PyGsQ,0xdd54d660178b28f6033a953b0e55073cfa7e3744,1,0.004
TestJeff Collection,https://testnets.opensea.io/assets/rinkeby/0x88b48f654c30e99bc2e4a1559b4dcf1ad93fa656/90505847079568654423704098819049895098387753901705671484535382501210877591553,https://lh3.googleusercontent.com/Bq_pGp0Cz4E200OZtxWe2zlhew31rPjIHvwF2i-8KCLDxypByZG_3nt4LazKty5fDn3T_6R-FcV5RUrZBHXsv2nUQD5aN3RALV_tBw,0xdd54d660178b28f6033a953b0e55073cfa7e3744,1,0.01
Hero-NFT - E7P2J1U3lP,https://testnets.opensea.io/assets/rinkeby/0x3bf9ba874f8d90fb67c9bb2183afebdf34bdbe2d/50501,https://lh3.googleusercontent.com/UFJq_rQhSsU5L72_SnRaqsmGyYVe0py9C5xnw811OCIAhZFnbxm46dnAaKRthbnk6ipCEfyGhPyRhn4-Z2vr7O28qVda-TM7lsX4OMc,0xdd54d660178b28f6033a953b0e55073cfa7e3744,1,1.0
Unique One V2,https://testnets.opensea.io/assets/rinkeby/0x44c3c2cdc8884b0651eed82ceccd8d51b86c4c82/10,https://lh3.googleusercontent.com/c3O8JcU8LsK0S8qR45xTDdmR9ktM1RGQXkf1fLI8laegizw9as1NLwvKsbVo66krHGKekQy5pCpBY9hdMjVVNAmSuQ,0xdd54d660178b28f6033a953b0e55073cfa7e3744,1,1e-05
march262,https://testnets.opensea.io/assets/rinkeby/0xb3746a13fa610d2a1775753da041e169b2f49665/2,https://lh3.googleusercontent.com/QPuolYXvaUn6YhtSxQmfk9lNaSuzjHgeeZjqaulBtBcPX0g0LRGS1rfPRJPsdtvs0_jvRrmxjWYv3TR_F1x1tmY9cVxLzex_-5Tv,0xdd54d660178b28f6033a953b0e55073cfa7e3744,1,1.0
Awesome Cats Club Test,https://testnets.opensea.io/assets/rinkeby/0x2e889cb542d1f81ae764d2aba55b71a14a6022ca/7,https://lh3.googleusercontent.com/i1NiXUIt57nSwloGNlQlc_ghz_HkojowpEUQjVDqVCTtnaXAYXt28EoIm84SeorfRXWnmDr1797u7L_DwxuFFcplttrcpspXkJYMvQ,0xdd54d660178b28f6033a953b0e55073cfa7e3744,1,1.0
Hero-NFT - E7P2J1U3lP,https://testnets.opensea.io/assets/rinkeby/0x3bf9ba874f8d90fb67c9bb2183afebdf34bdbe2d/50501,https://lh3.googleusercontent.com/UFJq_rQhSsU5L72_SnRaqsmGyYVe0py9C5xnw811OCIAhZFnbxm46dnAaKRthbnk6ipCEfyGhPyRhn4-Z2vr7O28qVda-TM7lsX4OMc,0xdd54d660178b28f6033a953b0e55073cfa7e3744,1,1.0
Spaceship-NFT - pLQDXZybjD,https://testnets.opensea.io/assets/rinkeby/0x20d07558da6e18314b988f2ce7d769065614cc91/50302,https://lh3.googleusercontent.com/xBzWGpiJSnVMfUFqtjgNibVTwyYHMxYGNM_7PYPv0RBTWUEzBxgtiCGHmOwsL1iHKNQ9lBp8DDQijEY-Sw7xn0Wh_RJpkUktFN3e,0xdd54d660178b28f6033a953b0e55073cfa7e3744,1,1.0
Digital Landowners Society - dyE7CDFfBd,https://testnets.opensea.io/assets/rinkeby/0xea8b08fdf5865b16cea49cbfc20bc8bf64da6e97/1072,https://lh3.googleusercontent.com/XcaGI4ZZMeFpLp0wNRkGa3uXxHaGY1-MlDDRvr4Q6WnZwFFHRavNrQIQy7Tt-bpRxyEizvafeQ8wwD7bixavJoRRTqexGbCWm7O-BMI,0xdd54d660178b28f6033a953b0e55073cfa7e3744,1,0.001
Awesome Cats Club Test,https://testnets.opensea.io/assets/rinkeby/0x2e889cb542d1f81ae764d2aba55b71a14a6022ca/7,https://lh3.googleusercontent.com/i1NiXUIt57nSwloGNlQlc_ghz_HkojowpEUQjVDqVCTtnaXAYXt28EoIm84SeorfRXWnmDr1797u7L_DwxuFFcplttrcpspXkJYMvQ,0xdd54d660178b28f6033a953b0e55073cfa7e3744,1,0.1
Roller Coaster V2,https://testnets.opensea.io/assets/rinkeby/0x399cce8a452d5f2293550a35874985079c911823/10002,https://lh3.googleusercontent.com/B84MDIa7X8g4Q7KcbGa0KVYTvOWy9hNmaTybfNOIMY3pkbhA6xGdqirQRuGDWVoGF0BVMQ59T99qURDpblVLcnC2QCwlCjVpTZBs,0xdd54d660178b28f6033a953b0e55073cfa7e3744,1,0.2
Awesome Cats Club Test,https://testnets.opensea.io/assets/rinkeby/0x2e889cb542d1f81ae764d2aba55b71a14a6022ca/12,https://lh3.googleusercontent.com/YBJu1mGGmpFTGd_JomSArO2fff65_gA8OQGQbHA5ouXVpBgzouTrcVRsGtsTIZZQ4keAnZAX0zZjTOwdVw2jJRAL_U3G4yoU27kZKQ,0xdd54d660178b28f6033a953b0e55073cfa7e3744,1,0.01
Unique Squid,https://testnets.opensea.io/assets/rinkeby/0xf35be5a07e15075b2300af0038b8683e34030b70/4,https://lh3.googleusercontent.com/tbpmKG-Cuek4sri7B0NuJw3B6-ymftB5ie62zNPeOMdV-uqtWDqGywDpWRqVO16EMLKWNVZPISsCF6c-zczZjdrfyq2Rus5r9ae5eA,0xdd54d660178b28f6033a953b0e55073cfa7e3744,1,0.0005
Pixel - 55OqcODicg,https://testnets.opensea.io/assets/rinkeby/0x51bbbc4aef3d6e2bc894b20d6c05e44bfca3efd8/680564733841876926926749214863536422917,https://lh3.googleusercontent.com/D9wBrPWBAbBt1jh5znhH1wps59YiJMYx6svW7I7978d9-AjWTbcjv0zfx7OSgsbTY9ZJjz6q1ATkzHOubeuC-_C5ZW0FfYxCzEaa,0xdd54d660178b28f6033a953b0e55073cfa7e3744,1,6e-05
Digital Landowners Society - dyE7CDFfBd,https://testnets.opensea.io/assets/rinkeby/0xea8b08fdf5865b16cea49cbfc20bc8bf64da6e97/1071,https://lh3.googleusercontent.com/XcaGI4ZZMeFpLp0wNRkGa3uXxHaGY1-MlDDRvr4Q6WnZwFFHRavNrQIQy7Tt-bpRxyEizvafeQ8wwD7bixavJoRRTqexGbCWm7O-BMI,0xdd54d660178b28f6033a953b0e55073cfa7e3744,1,0.001
Awesome Cats Club Test,https://testnets.opensea.io/assets/rinkeby/0x2e889cb542d1f81ae764d2aba55b71a14a6022ca/1,https://lh3.googleusercontent.com/XJihh8uAusubBnAriivozA0MWZ5PvWQtjJ3vqqVmw7j7cXlqLlI5HIVGwWXR_bn5Kv3qzeNstjbPU-cfgRshECB_iU6_Ehi263fH,0xdd54d660178b28f6033a953b0e55073cfa7e3744,1,0.15
Untitled Collection #7055387,https://testnets.opensea.io/assets/mumbai/0x2953399124f0cbb46d2cbacd8a89cf0599974963/106123380901641405021011724745409628958273664738268546358820252256510656118785,https://lh3.googleusercontent.com/-b3zuzA4hSWgeMCRrhF0K1JkyXVgpFOVu2MPVMoDkLn3CJ5PctGueUvEJa0O3BjE4XQPzAdyvgGEHLk837Pkq66UIieHrChq3YYoIQ,,1,0.01
MultiFaucet NFT - q55YxxItOz,https://testnets.opensea.io/assets/rinkeby/0xf5de760f2e916647fd766b4ad9e85ff943ce3a2b/374082,https://lh3.googleusercontent.com/jDFIJBe7q7oE208GMI0gRWX8sNhw2apWX9vdsG_fBwVxy1A9nuA09azjOpFL1LRUFlN53tmkObnyjNyhcF1yTd02JOJh7hIpfrS_,0xdd54d660178b28f6033a953b0e55073cfa7e3744,1,0.01
Untitled Collection #4332131,https://testnets.opensea.io/assets/rinkeby/0x88b48f654c30e99bc2e4a1559b4dcf1ad93fa656/69314293822116061458264863314312947008647422117195270235959838039365182816257,https://lh3.googleusercontent.com/Y-uqHUZfOM9pDbcZolPrxvcLCQ_iYjU-MU3UbInx6Bqy_5ksuY_QpwVp5PpK15cucZ8DHPuInsf7Mknq0f5l-fgI0qCXTv_BkR3BeXU,0xdd54d660178b28f6033a953b0e55073cfa7e3744,1,0.01
Untitled Collection #4332131,https://testnets.opensea.io/assets/rinkeby/0x88b48f654c30e99bc2e4a1559b4dcf1ad93fa656/69314293822116061458264863314312947008647422117195270235959838039365182816257,https://lh3.googleusercontent.com/Y-uqHUZfOM9pDbcZolPrxvcLCQ_iYjU-MU3UbInx6Bqy_5ksuY_QpwVp5PpK15cucZ8DHPuInsf7Mknq0f5l-fgI0qCXTv_BkR3BeXU,0xdd54d660178b28f6033a953b0e55073cfa7e3744,1,0.01
Untitled Collection #4332131,https://testnets.opensea.io/assets/rinkeby/0x88b48f654c30e99bc2e4a1559b4dcf1ad93fa656/69314293822116061458264863314312947008647422117195270235959838039365182816257,https://lh3.googleusercontent.com/Y-uqHUZfOM9pDbcZolPrxvcLCQ_iYjU-MU3UbInx6Bqy_5ksuY_QpwVp5PpK15cucZ8DHPuInsf7Mknq0f5l-fgI0qCXTv_BkR3BeXU,0xdd54d660178b28f6033a953b0e55073cfa7e3744,1,0.01
Orange Wallet NFT V4,https://testnets.opensea.io/assets/rinkeby/0x4722ba6c06dff3c582eacbb1876be8202167ea58/3,https://lh3.googleusercontent.com/hazIN6qEdjyEQrEwPRbXahgWhh6SRA1C6sg-F8f3sz2N2An_25KZBME5SomwBNJTeL3xXGIOjRBt0Uqd2lQw173spTM4n8PoZkJwuFg,0xdd54d660178b28f6033a953b0e55073cfa7e3744,1,0.001
NFTTutorial - 50mG5A2tao,https://testnets.opensea.io/assets/rinkeby/0xfb0d7c22f5f3e2d92dd3be8857e0048d29d197ca/1,https://lh3.googleusercontent.com/8CAamdfv_8ypJDq_LuEYO97QZZyCTShsuIntT4UWlQ3KETueWNVRe6TPci7SJm3f6PmndUg3Ee2LS4XN5UjieJDS7xQlhuo0bJVK4g,0xdd54d660178b28f6033a953b0e55073cfa7e3744,1,0.0001
Warfare V3,https://testnets.opensea.io/assets/rinkeby/0xdb7deaf5a007d8b6a99d4ac67521308479d8cd83/1,,0xdd54d660178b28f6033a953b0e55073cfa7e3744,1,0.0001
FAKE MEKAVERSE V2,https://testnets.opensea.io/assets/rinkeby/0x4ccb7324b38686b47a6bb6a186b3ae1ca12f65ed/722,https://lh3.googleusercontent.com/BjMjtBR-QUXUQltlSmw3tq6rWgCqxxOLWwCtRNwnF5AkUDVCnPAwFiUFS8I7i1j1EWC81kQmEaO4rH_rtFAvi5W3aYxNfmiDQNzE,0xdd54d660178b28f6033a953b0e55073cfa7e3744,1,1e-05
BeaverNFT - UQlt2Mw0FQ,https://testnets.opensea.io/assets/rinkeby/0x3fa9ba16c631cdf22b08738b7adf467f4ab892ed/0,https://lh3.googleusercontent.com/QfPkjVghLqZrKWAwuKLuEAE8d64bthJ9sN__HPWCSe5g8FnvagEgFOwQ8M7UdFQ1Mi_6kMEt_efDRSr9dbK7G1Vcia8WfVn9WIlU7Q,0xdd54d660178b28f6033a953b0e55073cfa7e3744,1,0.1
Zunk Punk V2,https://testnets.opensea.io/assets/rinkeby/0xd514d14427cefd627418302660035762542bfb28/7,https://lh3.googleusercontent.com/7Xum4_fnQpkcXUwqmUriYKKe62ilX2Am8-kuEoA_ELv4tjzZTwTGYab-aIzXUOu4K2SYUIUTJPn1BY_E2QjGPZeWW_ZHH6eVkGkw,0xdd54d660178b28f6033a953b0e55073cfa7e3744,1,0.005
BeaverNFT - UQlt2Mw0FQ,https://testnets.opensea.io/assets/rinkeby/0x3fa9ba16c631cdf22b08738b7adf467f4ab892ed/0,https://lh3.googleusercontent.com/QfPkjVghLqZrKWAwuKLuEAE8d64bthJ9sN__HPWCSe5g8FnvagEgFOwQ8M7UdFQ1Mi_6kMEt_efDRSr9dbK7G1Vcia8WfVn9WIlU7Q,0xdd54d660178b28f6033a953b0e55073cfa7e3744,1,0.1
KarineDAO 1403,https://testnets.opensea.io/assets/rinkeby/0x7c373ebded124a9e0d502b51cbfd12fdeb004a34/138,https://lh3.googleusercontent.com/HJ6c6Bcf6MqsDSqy_e0DoxPYBkdxnjwlicxq5lNbe9sQjGitE-kNv4xVYX7Ez-O1Atisb04KawooafeZJgmr54RqrCTIsZur_8cVPCs,0xdd54d660178b28f6033a953b0e55073cfa7e3744,1,0.01
MiniMichAccessory - ZknyV3UOgQ,https://testnets.opensea.io/assets/rinkeby/0x48e6083d3b398fa616e4359fc633028df52f2706/0,https://lh3.googleusercontent.com/k3GXsoNw3AvxuZcxTIx8-KoPooajc1qHBE0GnwuGasho9PWsnXk5KyNJWX5hKGzmQAUvV2FwsoAijuV8GWkDBjvXk8Z5oVjm5r_vlA,0xdd54d660178b28f6033a953b0e55073cfa7e3744,1,0.011
Zunk Punk V2,https://testnets.opensea.io/assets/rinkeby/0xd514d14427cefd627418302660035762542bfb28/6,https://lh3.googleusercontent.com/6kClWbysJD-B5YvdE-iwwIppH1dUNabpnvj4xbrxmWL0s8TZiCJexg9ecPpK2TwHrYalfsnWJ6ysqzYeXwFXLPj8AVazP4FC2Zwwn3Y,0xdd54d660178b28f6033a953b0e55073cfa7e3744,1,0.005
LazyBekantan,https://testnets.opensea.io/assets/rinkeby/0x9552c7f78ab10b2b3543190e537f2e4004acbddc/20,https://lh3.googleusercontent.com/N5-jwXSXbjtVZKlnxqo6CdgeJD9MDRCYnxsg5hGNoOgrKDtoj3-HohAVNE7Hup1poBRJ-qm27VOON5ejCcAh7qECL-nz6EVVfXqafMk,0xdd54d660178b28f6033a953b0e55073cfa7e3744,1,0.1
MultiFaucet NFT - q55YxxItOz,https://testnets.opensea.io/assets/rinkeby/0xf5de760f2e916647fd766b4ad9e85ff943ce3a2b/374082,https://lh3.googleusercontent.com/jDFIJBe7q7oE208GMI0gRWX8sNhw2apWX9vdsG_fBwVxy1A9nuA09azjOpFL1LRUFlN53tmkObnyjNyhcF1yTd02JOJh7hIpfrS_,0xdd54d660178b28f6033a953b0e55073cfa7e3744,1,0.3
Hero-NFT - E7P2J1U3lP,https://testnets.opensea.io/assets/rinkeby/0x3bf9ba874f8d90fb67c9bb2183afebdf34bdbe2d/50001,https://lh3.googleusercontent.com/UFJq_rQhSsU5L72_SnRaqsmGyYVe0py9C5xnw811OCIAhZFnbxm46dnAaKRthbnk6ipCEfyGhPyRhn4-Z2vr7O28qVda-TM7lsX4OMc,0xdd54d660178b28f6033a953b0e55073cfa7e3744,1,1.0
zunk punk,https://testnets.opensea.io/assets/rinkeby/0x7829fd503bbde8d5610f063c6fd686f0c96a3bba/5,https://lh3.googleusercontent.com/y4fJKezKIwtQpJBaX3YU9m_MilxDESHgOQku-Dcugds8hla3eh6vpPYo07V--DWVbhoXiOjLtrPgqSGxEyia1TbWVufOoBIigKpQ,0xdd54d660178b28f6033a953b0e55073cfa7e3744,1,0.008
Hero-NFT - E7P2J1U3lP,https://testnets.opensea.io/assets/rinkeby/0x3bf9ba874f8d90fb67c9bb2183afebdf34bdbe2d/48501,https://lh3.googleusercontent.com/UFJq_rQhSsU5L72_SnRaqsmGyYVe0py9C5xnw811OCIAhZFnbxm46dnAaKRthbnk6ipCEfyGhPyRhn4-Z2vr7O28qVda-TM7lsX4OMc,0xdd54d660178b28f6033a953b0e55073cfa7e3744,1,1.0
TestClaimTestInfo,https://testnets.opensea.io/assets/rinkeby/0x6f4b720d21a7e6caa357ed6a854e587415447152/175,https://lh3.googleusercontent.com/fliuZIK0Yi4XRMTTOjyywVsBB2w0Ssd_ntcyOqISWkCwcHtTxGyQ9vSBuO1XIH8mjJ2v5RQB_JQ977KxQOVrnaPAuhdyGDvWjHqKrw,0xdd54d660178b28f6033a953b0e55073cfa7e3744,1,1e-06
PlayTigerTMP V2,https://testnets.opensea.io/assets/rinkeby/0xd11e32154f40a24cca99124a3b51b4cbcecd047f/20,https://lh3.googleusercontent.com/ZXtGa7DDRuz8AOQ3vGGfVTIjDyuYg7H-IXy5toUSjMIdgiqPabM_BwAJ_QxXxdgywxwZc0_17l2qh7YBGnm33FVDRlksSrXwiJ2PNQ,0xdd54d660178b28f6033a953b0e55073cfa7e3744,1,1e-06
Azuki God,https://testnets.opensea.io/assets/rinkeby/0xb74bf94049d2c01f8805b8b15db0909168cabf46/7,https://lh3.googleusercontent.com/YOYH5FxGnrm0Vpy_wLoB1GJaM3zElp993-FO8KHTpIB4dpuIP9LexKUEtBsPsiPp0Fn1stqvJn9MT6ujcapNvQ31JQ81QeQTtwY0wg,0xdd54d660178b28f6033a953b0e55073cfa7e3744,1,0.9
Rio NFT Marketplace,https://testnets.opensea.io/assets/rinkeby/0x99617a6b80eeffa089b56cd2f42b2ca19191df0b/1,https://lh3.googleusercontent.com/NFCe25Hd0QE9EUUS3wVDR-l9rylawzkbtwkOcJ18lf2r560WVJY8onQhI2POvRxp-tLA63rm469f7OiJDE8QsMsjWDLMBB5fMtGx,0xdd54d660178b28f6033a953b0e55073cfa7e3744,1,1e-05
Hero-NFT - E7P2J1U3lP,https://testnets.opensea.io/assets/rinkeby/0x3bf9ba874f8d90fb67c9bb2183afebdf34bdbe2d/48501,https://lh3.googleusercontent.com/UFJq_rQhSsU5L72_SnRaqsmGyYVe0py9C5xnw811OCIAhZFnbxm46dnAaKRthbnk6ipCEfyGhPyRhn4-Z2vr7O28qVda-TM7lsX4OMc,0xdd54d660178b28f6033a953b0e55073cfa7e3744,1,0.01
MultiFaucet NFT - q55YxxItOz,https://testnets.opensea.io/assets/rinkeby/0xf5de760f2e916647fd766b4ad9e85ff943ce3a2b/374082,https://lh3.googleusercontent.com/jDFIJBe7q7oE208GMI0gRWX8sNhw2apWX9vdsG_fBwVxy1A9nuA09azjOpFL1LRUFlN53tmkObnyjNyhcF1yTd02JOJh7hIpfrS_,0xdd54d660178b28f6033a953b0e55073cfa7e3744,1,0.3
Hero-NFT - E7P2J1U3lP,https://testnets.opensea.io/assets/rinkeby/0x3bf9ba874f8d90fb67c9bb2183afebdf34bdbe2d/48202,https://lh3.googleusercontent.com/UFJq_rQhSsU5L72_SnRaqsmGyYVe0py9C5xnw811OCIAhZFnbxm46dnAaKRthbnk6ipCEfyGhPyRhn4-Z2vr7O28qVda-TM7lsX4OMc,0xdd54d660178b28f6033a953b0e55073cfa7e3744,1,0.1
VN Tokens,https://testnets.opensea.io/assets/rinkeby/0x96ad7b10cdd522aee6653a6f2a11c994ce4e89b4/38,https://lh3.googleusercontent.com/j1crEw_2biGC7uDwvSS3CKd9j4X-zcd7fAWFyDqPn40KtBdi4I-bEngLyTnL6LKAEb0h3uaPrlGw5_E_x9vnUrEx3Bd0WLnCf_Pdzmc,0xdd54d660178b28f6033a953b0e55073cfa7e3744,1,0.01
FAKE MEKAVERSE V2,https://testnets.opensea.io/assets/rinkeby/0x4ccb7324b38686b47a6bb6a186b3ae1ca12f65ed/720,https://lh3.googleusercontent.com/l3FDHfAh66oG2xgzf2lCOjXvlFlrYfQfZJupUCRDNe3b55DXSzGWBljcbFBnGCt2VjO4NidJSTim-sbrKOeoAr1vT6ymf-BOMSHiA1k,0xdd54d660178b28f6033a953b0e55073cfa7e3744,1,1.0
MultiFaucet NFT - q55YxxItOz,https://testnets.opensea.io/assets/rinkeby/0xf5de760f2e916647fd766b4ad9e85ff943ce3a2b/374081,https://lh3.googleusercontent.com/jDFIJBe7q7oE208GMI0gRWX8sNhw2apWX9vdsG_fBwVxy1A9nuA09azjOpFL1LRUFlN53tmkObnyjNyhcF1yTd02JOJh7hIpfrS_,0xdd54d660178b28f6033a953b0e55073cfa7e3744,1,0.2
Creature - gCbtJnq23d,https://testnets.opensea.io/assets/rinkeby/0xdbb9ffd84af73fe66f4ec1becfcd1a666bc9403f/11,https://lh3.googleusercontent.com/sX-mG7oMTa402iiJXdpAxxM2H4mHDldJ0rydqzVFHSWcgu0qJAwNrxE1VnCxZv2pVLNEpZBDnDiXIFKdsPExfYnd,0xdd54d660178b28f6033a953b0e55073cfa7e3744,1,0.1
Azuki God,https://testnets.opensea.io/assets/rinkeby/0xb74bf94049d2c01f8805b8b15db0909168cabf46/424,https://lh3.googleusercontent.com/Z3W2aVae8kwUG2n4yuRXcPoP8J6EzUVXDz7E9hmb_penEXz08AxJjY3JcrC7V5E18ghThMXDCQmhADL-Phj3gTM_7LAEmv62GuEGNQ,0xdd54d660178b28f6033a953b0e55073cfa7e3744,1,1.0
GFT Meta V2,https://testnets.opensea.io/assets/rinkeby/0xb2d9c13c4348be0648729185d1b06f7acac42485/101030101010303040101010101010101010101,https://lh3.googleusercontent.com/5PxTE2p7pNWDO82rvxH76KmztpN_gVggAKZ9bWzJmI4s98hI_nAsG7pAXLKBZI4ExJ87zBZUb0YiFGwCfqyl7o5vQ8WjmiS4PZcvJQ,0xdd54d660178b28f6033a953b0e55073cfa7e3744,1,0.5
Creature - gCbtJnq23d,https://testnets.opensea.io/assets/rinkeby/0xdbb9ffd84af73fe66f4ec1becfcd1a666bc9403f/15,https://lh3.googleusercontent.com/Dq29d4Zlyn_RmR-1ur0ouCSAgAcsc1tkxwp7n6ldpHw5dhgEaYlBT5mMIEBTqXr4TudngvmLHFDGDu5xnbT2hk4,0xdd54d660178b28f6033a953b0e55073cfa7e3744,1,0.9
Creature - gCbtJnq23d,https://testnets.opensea.io/assets/rinkeby/0xdbb9ffd84af73fe66f4ec1becfcd1a666bc9403f/16,https://lh3.googleusercontent.com/2FLYj8wyfBATaxE1_Kq07AWsTJiSecUPsOP7t6o_bGiZ2_-qbj4ag1P3jHAnx8M0tXwZ0Se5i07OL02FqP81Fo29xA,0xdd54d660178b28f6033a953b0e55073cfa7e3744,1,0.01
MultiFaucet NFT - q55YxxItOz,https://testnets.opensea.io/assets/rinkeby/0xf5de760f2e916647fd766b4ad9e85ff943ce3a2b/374084,https://lh3.googleusercontent.com/jDFIJBe7q7oE208GMI0gRWX8sNhw2apWX9vdsG_fBwVxy1A9nuA09azjOpFL1LRUFlN53tmkObnyjNyhcF1yTd02JOJh7hIpfrS_,0xdd54d660178b28f6033a953b0e55073cfa7e3744,1,0.1
FunPlay Official Collection,https://testnets.opensea.io/assets/rinkeby/0x88b48f654c30e99bc2e4a1559b4dcf1ad93fa656/38354294808502372072962502832656281013144003930188351968188965770034054955009,https://lh3.googleusercontent.com/RwJTMwz5Xt3joCHKY-b9r_sM1PASzz4-ZpMx_oQwqI6mSupaIQiOtIGAxywtE4uSJJmBoEYc0rYcyaiv-IUxhBZbjSSsjL-2itb0,0xdd54d660178b28f6033a953b0e55073cfa7e3744,1,1.0
MultiFaucet NFT - q55YxxItOz,https://testnets.opensea.io/assets/rinkeby/0xf5de760f2e916647fd766b4ad9e85ff943ce3a2b/374085,https://lh3.googleusercontent.com/jDFIJBe7q7oE208GMI0gRWX8sNhw2apWX9vdsG_fBwVxy1A9nuA09azjOpFL1LRUFlN53tmkObnyjNyhcF1yTd02JOJh7hIpfrS_,0xdd54d660178b28f6033a953b0e55073cfa7e3744,1,0.1
MultiFaucet NFT - q55YxxItOz,https://testnets.opensea.io/assets/rinkeby/0xf5de760f2e916647fd766b4ad9e85ff943ce3a2b/374085,https://lh3.googleusercontent.com/jDFIJBe7q7oE208GMI0gRWX8sNhw2apWX9vdsG_fBwVxy1A9nuA09azjOpFL1LRUFlN53tmkObnyjNyhcF1yTd02JOJh7hIpfrS_,0xdd54d660178b28f6033a953b0e55073cfa7e3744,1,0.1
Creature - gCbtJnq23d,https://testnets.opensea.io/assets/rinkeby/0xdbb9ffd84af73fe66f4ec1becfcd1a666bc9403f/9,https://lh3.googleusercontent.com/fgPXkZudMEM5BIgZoMEZF82-w1rLCHCFRzKNFlUqFiePtCaiEAVLQ6Wz-oQs-rdTJW-zchSoKumR5KYRYzV1GFzyOg,0xdd54d660178b28f6033a953b0e55073cfa7e3744,1,0.01
Creature - gCbtJnq23d,https://testnets.opensea.io/assets/rinkeby/0xdbb9ffd84af73fe66f4ec1becfcd1a666bc9403f/12,https://lh3.googleusercontent.com/85uxrtVDnJhFN684HK5Zzqx3IZV0fxRM5cT6K1Ld6cD-Zx3xK4qoRF6HAv-P5z7A_GwosQDX7YzqRDXgUaSol8UQ,0xdd54d660178b28f6033a953b0e55073cfa7e3744,1,0.01
Creature - gCbtJnq23d,https://testnets.opensea.io/assets/rinkeby/0xdbb9ffd84af73fe66f4ec1becfcd1a666bc9403f/22,https://lh3.googleusercontent.com/y-lUEvo4-8AdKE7emNqIucTax8Ebqfp-75uz17tNw6t5QwfBtOLT_NtzipE8P3DgGOFyMKzRX7pTp3EUmfuq1X4SLQ,0xdd54d660178b28f6033a953b0e55073cfa7e3744,1,0.01
ShatteredEON - eC3ovEPtRK,https://testnets.opensea.io/assets/rinkeby/0x0b3c747a03f3d8dc09936cf071bd5ec5c368fa2b/29,https://openseauserdata.com/files/0c8c7dfc11f01ba7f306b5e41850d989.svg,0xdd54d660178b28f6033a953b0e55073cfa7e3744,1,0.02
Mad Marketers,https://testnets.opensea.io/assets/rinkeby/0x4f9bb0c8e4cf4b8ba19edc8670fa018940fe064c/316921268204779836199,https://lh3.googleusercontent.com/D2k6ca3pD9U2-UEFefvlVCP1aCAmjMFc-UKtPwZUBUd6wq6dWJZeoO832WXBd4IB6iDaVU6BGiJIp3LghJ0biBYXNZAgimYdPrUX,0xdd54d660178b28f6033a953b0e55073cfa7e3744,1,0.025
ShatteredEON - 9A7crduosy,https://testnets.opensea.io/assets/rinkeby/0x6a9b82a35c86a02ba74c964ee64c71f0d57b96cc/221,https://openseauserdata.com/files/4acf31a5214a32e685a845b2ee66e85f.svg,0xdd54d660178b28f6033a953b0e55073cfa7e3744,1,0.01
OnionFarm-26,https://testnets.opensea.io/assets/baobab/0xcc768cf97dec42c566802ade4315a2fe5325f300/26,https://lh3.googleusercontent.com/uJXDMC86X8XSHJm-pmuxLLAhUlEuTTBeHk2lqgV6mL0ebbiTyhB7-TJJ8KvyI_VlP1OW0flRNQdFYLJNKORYopflHU0oyesEQZqLcA,,1,3.0
nanakusa V4,https://testnets.opensea.io/assets/rinkeby/0x8fc2ccb815dc211c3824d20c954f16f9686ff7e2/1269,,0xdd54d660178b28f6033a953b0e55073cfa7e3744,1,2e-05
MultiFaucet NFT - q55YxxItOz,https://testnets.opensea.io/assets/rinkeby/0xf5de760f2e916647fd766b4ad9e85ff943ce3a2b/374085,https://lh3.googleusercontent.com/jDFIJBe7q7oE208GMI0gRWX8sNhw2apWX9vdsG_fBwVxy1A9nuA09azjOpFL1LRUFlN53tmkObnyjNyhcF1yTd02JOJh7hIpfrS_,0xdd54d660178b28f6033a953b0e55073cfa7e3744,1,0.1
ShatteredEON - 9A7crduosy,https://testnets.opensea.io/assets/rinkeby/0x6a9b82a35c86a02ba74c964ee64c71f0d57b96cc/230,https://openseauserdata.com/files/fb962f2737854880e8f96657f55e4d3e.svg,0xdd54d660178b28f6033a953b0e55073cfa7e3744,1,0.01
MYZ_NFT,https://testnets.opensea.io/assets/rinkeby/0x2f6ef27b543fbc9a7d5eb8455829ac64f9373bdc/3,https://lh3.googleusercontent.com/mqQioMwf_FQKbGsANKj6zsEHzLPhoLFF2iA1HiIIRhpIzqXtnAMc6w6MmrjOCcfdRldEy05tkbOTcqnC64jcKpIJqK8hCrxgfXza,0xdd54d660178b28f6033a953b0e55073cfa7e3744,1,0.02
Old Bored Ape Testing Club V1,https://testnets.opensea.io/assets/rinkeby/0xf96bf3147f1b087b90be0db7e54dacbc9c181a3c/1352,https://lh3.googleusercontent.com/3lRi6eEg1q_ZUx8F3ZIOnyhH84HPTq8I10SQumA9uBnaXYgidDi_iL-0peyTNVuUjkctpoyemL3r8MxBxB7GVa-20YoKlnC-2joX,0xdd54d660178b28f6033a953b0e55073cfa7e3744,1,12.0
ShatteredEON - 9A7crduosy,https://testnets.opensea.io/assets/rinkeby/0x6a9b82a35c86a02ba74c964ee64c71f0d57b96cc/234,https://openseauserdata.com/files/d9497dd885e9563497203de4bd38c3d4.svg,0xdd54d660178b28f6033a953b0e55073cfa7e3744,1,0.01
ShatteredEON - 9A7crduosy,https://testnets.opensea.io/assets/rinkeby/0x6a9b82a35c86a02ba74c964ee64c71f0d57b96cc/219,https://openseauserdata.com/files/170a8b0e727035e64de193d52c44e5d7.svg,0xdd54d660178b28f6033a953b0e55073cfa7e3744,1,0.01
